año,com_aut,pib,pob,sui,nat,paro,ing,pobr,fum,alc,obes,fyv,crim,homi,sati,pib_pc,renta_pc,poblacion,gasto_elevado_vivienda(%),falta_espacio_vivienda(%),retrasos_pagos(%),renta_media,renta_mediana,riesgo_pobreza(%),dificultad_fin_mes(%),desigualdad_ing(S80/S20),inc_gastos_imprevistos(%),tasa_criminalidad,precio_medio_anual_eur_m2_venta,precio_medio_anual_eur_m2_alquiler
2009,Andalucía,145802256.0,8244.5,10.87,11.48,17.73,9437.0,,20.93,1.29,19.67,80.82,,,,17685.0,11869.0,7627743.0,8.6,5.7,10.6,143930.0,126950.0,27.7,71.8,6.0,45.7,,1757.5,7.27
2010,Andalucía,145853901.0,8302.9,9.89,11.1,25.24,9882.0,,18.23,1.88,16.7,49.48,49.3,0.94,,17567.0,11773.0,7666919.0,7.8,4.6,12.9,141520.0,120860.0,28.1,73.9,6.2,52.2,49.3,1713.33,6.85
2011,Andalucía,144494494.0,8352.8,8.84,10.72,27.77,9793.0,,,2.06,,,48.7,1.02,,17299.0,11797.0,7693947.0,11.2,7.5,13.8,13310.0,113690.0,34.5,70.5,7.3,49.6,48.7,1723.42,6.72
2012,Andalucía,139052618.0,8378.3,8.3,10.3,30.13,9241.0,,,0.89,,,47.1,0.81,,16597.0,11155.0,7702875.0,8.7,6.6,15.5,133910.0,111170.0,35.6,71.6,6.2,51.4,47.1,1579.42,6.43
2013,Andalucía,137294091.0,8381.3,9.78,9.71,34.35,9361.0,,,1.31,,,44.6,0.78,58.7,16381.0,11100.0,7710575.0,9.2,6.4,13.4,127050.0,108660.0,40.1,75.4,6.6,55.5,44.6,1443.42,6.04
2014,Andalucía,139135225.0,8381.4,10.1,9.8,36.22,8897.0,,,,,,42.0,0.82,,16600.0,11137.0,7740785.0,11.4,7.1,15.8,121180.0,101520.0,45.6,78.2,7.1,58.5,42.0,1366.0,5.95
2015,Andalucía,146406094.0,8386.1,9.7,9.6,34.78,8607.0,42.4,,,,,40.2,0.78,,17458.0,11688.0,7762838.0,8.8,5.6,13.8,118620.0,100910.0,45.4,76.89999999999999,7.0,55.1,40.2,1372.33,6.12
2016,Andalucía,149901897.0,8390.7,8.41,9.43,31.54,8402.0,42.8,,,,,39.5,0.81,,17865.0,11831.0,7768101.0,9.4,6.9,13.2,12560.0,104590.0,43.6,78.1,7.2,52.8,39.5,1387.58,6.42
2017,Andalucía,156789484.0,8388.4,8.13,8.89,28.89,8864.0,42.5,,,,,39.9,0.58,,18691.0,12177.0,7773545.0,8.2,6.6,11.2,137090.0,114530.0,38.1,68.69999999999999,6.9,48.3,39.9,1451.42,6.83
2018,Andalucía,161894301.0,8392.1,8.29,8.45,25.51,9560.0,39.2,,,,,39.9,0.86,62.9,19291.0,12733.0,7763012.0,7.3,6.4,15.7,139770.0,116250.0,38.3,68.2,6.5,50.0,39.9,1497.25,7.58
2019,Andalucía,166478730.0,8432.1,7.71,8.21,22.99,9643.0,42.3,,,,,40.2,0.97,,19744.0,13199.0,7758685.0,8.0,8.5,11.3,137550.0,116630.0,37.3,61.0,6.1,44.3,40.2,1582.67,8.1
2020,Andalucía,150452909.0,8465.9,7.52,7.72,21.19,9566.0,39.0,,,,,34.0,0.72,,17772.0,13104.0,7762393.0,6.0,8.1,19.0,149580.0,130970.0,29.3,53.1,5.3,43.9,34.0,1649.75,8.59
2021,Andalucía,166296356.0,8488.2,9.28,7.72,22.28,10472.0,36.3,,,,,37.1,0.65,68.3,19591.0,13801.0,7760491.0,10.1,6.9,17.0,147690.0,127360.0,33.6,54.8,6.8,42.4,37.1,1731.5,8.57
2022,Andalucía,184051418.0,8547.7,9.78,7.37,21.85,10388.0,38.0,,,,,44.4,0.86,67.3,21532.0,14332.0,7758809.0,9.4,7.6,16.3,158620.0,137750.0,29.1,54.5,6.0,44.7,44.4,1843.83,9.06
2009,Aragón,33814117.0,1344.5,7.21,9.72,7.29,11963.0,,17.76,2.98,15.75,86.35,,,,25150.0,15833.0,1173335.0,7.3,4.1,3.4,185610.0,171930.0,10.4,36.7,4.4,15.4,,1766.33,7.34
2010,Aragón,34100336.0,1343.8,8.05,9.63,13.05,12904.0,,15.48,2.49,17.85,65.74,38.1,0.74,,25375.0,15704.0,1174009.0,5.4,1.9,5.5,177730.0,169030.0,13.1,41.8,4.2,19.8,38.1,1753.33,6.9
2011,Aragón,33631537.0,1344.5,6.75,9.38,14.96,12527.0,,,1.26,,,37.3,0.45,,25015.0,15934.0,1175100.0,7.8,2.7,5.5,172590.0,164220.0,17.1,36.2,5.3,22.1,37.3,1750.67,6.93
2012,Aragón,32169749.0,1340.0,6.16,8.94,17.07,12172.0,,,1.15,,,34.6,0.45,,24008.0,15111.0,1176356.0,7.7,1.4,4.1,174190.0,160650.0,17.7,54.5,5.3,26.4,34.6,1628.92,6.65
2013,Aragón,32323922.0,1334.0,7.04,8.74,18.67,12540.0,,,1.52,,,32.0,0.52,71.0,24232.0,15127.0,1173497.0,9.8,3.9,11.6,176180.0,161210.0,20.0,60.1,5.6,30.7,32.0,1468.08,6.13
2014,Aragón,32602458.0,1327.6,6.99,8.73,21.39,12617.0,,,,,,30.5,0.38,,24557.0,15032.0,1176154.0,9.1,1.8,11.1,176620.0,159040.0,23.2,53.9,6.0,28.9,30.5,1337.83,5.84
2015,Aragón,33265930.0,1320.9,8.35,8.59,20.17,12663.0,19.4,,,,,29.1,0.68,,25185.0,15511.0,1177664.0,6.4,1.2,8.1,183950.0,162670.0,20.3,47.3,5.4,27.9,29.1,1294.17,5.96
2016,Aragón,34542128.0,1316.2,9.45,8.3,16.29,12931.0,16.4,,,,,29.0,0.61,,26243.0,15998.0,1175750.0,5.0,1.5,8.2,171160.0,157510.0,22.5,43.3,5.1,26.8,29.0,1256.92,6.24
2017,Aragón,35983544.0,1315.3,7.96,8.0,14.74,12223.0,18.1,,,,,28.8,0.61,,27357.0,16492.0,1175513.0,4.1,1.9,3.7,177560.0,158390.0,16.1,31.7,4.6,18.5,28.8,1246.33,6.56
2018,Aragón,37213896.0,1315.9,7.1,7.58,11.65,12653.0,15.8,,,,,30.7,0.68,86.1,28281.0,16896.0,1172036.0,5.2,4.7,3.9,176720.0,158670.0,18.2,44.5,4.3,28.9,30.7,1280.17,7.02
2019,Aragón,38465053.0,1324.4,8.46,7.28,10.63,12425.0,17.6,,,,,32.2,0.45,,29043.0,17585.0,1169992.0,4.9,6.1,3.8,180670.0,172410.0,19.4,37.3,4.7,27.6,32.2,1305.67,7.42
2020,Aragón,35955571.0,1331.5,7.75,6.83,10.03,12853.0,20.2,,,,,27.1,0.3,,27003.0,17380.0,1167343.0,5.9,4.8,5.4,19150.0,180420.0,16.3,28.2,4.7,26.0,27.1,1320.17,7.73
2021,Aragón,38782157.0,1330.7,7.07,7.21,11.7,13716.0,18.6,,,,,31.4,0.38,74.8,29144.0,17925.0,1163912.0,6.7,6.1,12.4,193810.0,181210.0,16.2,34.8,4.9,26.9,31.4,1313.08,7.87
2022,Aragón,43655726.0,1334.8,8.11,6.73,10.33,14023.0,19.4,,,,,35.9,0.74,74.9,32707.0,19066.0,1161553.0,6.9,3.1,8.8,203470.0,193250.0,15.0,38.9,4.4,27.2,35.9,1324.0,8.11
2009,Asturias,22366414.0,1076.4,9.47,7.63,8.5,12412.0,,19.24,3.87,19.12,72.7,,,,20778.0,14854.0,1038170.0,4.8,1.7,5.3,185610.0,160830.0,12.9,50.0,5.1,21.6,,1760.42,8.21
2010,Asturias,22590616.0,1076.2,9.77,7.21,13.42,13103.0,,12.46,1.73,15.67,43.26,26.5,1.77,,20992.0,14811.0,1035055.0,3.8,1.2,3.3,183770.0,158410.0,11.4,44.1,4.7,19.6,26.5,1766.42,7.58
2011,Asturias,22261796.0,1075.1,12.15,7.24,15.92,12986.0,,,2.72,,,27.1,0.84,,20706.0,15045.0,1031088.0,5.3,1.8,2.6,17080.0,156930.0,17.4,38.0,4.9,17.8,27.1,1833.33,7.15
2012,Asturias,21265200.0,1070.4,9.87,7.12,17.84,12182.0,,,0.57,,,28.2,0.56,,19867.0,14318.0,1026533.0,5.7,1.7,5.1,169220.0,15550.0,19.1,45.900000000000006,5.2,26.5,28.2,1660.33,6.67
2013,Asturias,20693890.0,1062.6,10.74,6.28,21.83,12134.0,,,1.7,,,28.3,0.75,68.4,19475.0,14316.0,1019771.0,7.6,1.0,7.5,159940.0,151340.0,21.7,47.8,5.1,27.0,28.3,1564.92,6.24
2014,Asturias,20636251.0,1053.5,12.16,6.26,24.13,11645.0,,,,,,27.0,0.66,,19588.0,14350.0,1016632.0,7.2,0.9,8.4,160110.0,147240.0,26.9,52.0,6.3,24.9,27.0,1456.33,6.0
2015,Asturias,21388142.0,1043.5,12.29,6.18,21.13,11777.0,21.5,,,,,25.9,0.38,,20497.0,14955.0,1009889.0,8.7,1.2,6.5,162270.0,14880.0,22.9,55.7,5.2,29.0,25.9,1410.17,5.99
2016,Asturias,21675441.0,1036.5,11.1,6.12,19.11,11957.0,22.1,,,,,25.2,0.58,,20913.0,15091.0,1002290.0,6.5,1.4,5.3,172410.0,162770.0,19.8,43.4,5.1,22.7,25.2,1374.42,6.18
2017,Asturias,22538267.0,1029.3,10.87,5.84,17.62,12424.0,19.5,,,,,24.9,0.49,,21897.0,15673.0,996076.0,7.4,1.7,5.8,175470.0,156980.0,16.6,45.9,5.5,34.5,24.9,1360.92,6.45
2018,Asturias,23185680.0,1023.6,11.29,5.6,13.71,12696.0,17.9,,,,,25.8,0.68,72.6,22651.0,16168.0,988160.0,6.8,2.8,4.5,173430.0,159250.0,17.4,42.3,4.8,31.6,25.8,1357.42,6.74
2019,Asturias,23666618.0,1019.2,11.05,5.05,13.61,12464.0,21.8,,,,,26.7,0.69,,23220.0,16773.0,981174.0,11.4,3.8,4.8,178680.0,159820.0,24.4,36.8,7.8,28.1,26.7,1348.0,7.06
2020,Asturias,21376392.0,1014.6,10.67,4.7,14.19,13074.0,23.7,,,,,24.0,0.49,,21069.0,16705.0,973463.0,9.7,3.3,11.7,180280.0,15930.0,22.5,34.0,7.3,27.6,24.0,1340.17,7.26
2021,Asturias,23617641.0,1007.3,10.12,4.74,14.12,13351.0,25.8,,,,,26.1,0.1,68.4,23446.0,17413.0,966347.0,10.5,2.9,10.0,179680.0,168010.0,21.4,32.6,6.0,25.9,26.1,1339.42,7.47
2022,Asturias,26698594.0,1005.5,11.04,4.72,12.35,13421.0,25.3,,,,,31.9,0.6,71.8,26552.0,18614.0,959056.0,10.4,3.8,7.6,193680.0,176320.0,20.1,39.4,5.7,24.0,31.9,1340.08,7.71
2009,Balears,26770420.0,1078.1,8.16,11.17,10.16,11909.0,,20.54,1.7,16.35,21.48,,,,24832.0,15421.0,857864.0,18.5,5.9,18.6,175480.0,153080.0,18.1,62.2,6.3,37.8,,2361.08,10.65
2010,Balears,26797013.0,1087.6,10.0,11.0,17.92,12492.0,,20.92,1.59,14.54,70.84,64.5,0.55,,24638.0,15211.0,863793.0,20.6,4.8,13.7,170760.0,152660.0,22.5,61.8,6.9,36.1,64.5,2363.0,9.72
2011,Balears,26646250.0,1095.5,9.22,10.28,20.12,12189.0,,,1.11,,,68.0,1.1,,24324.0,15385.0,870302.0,20.1,4.5,17.4,165680.0,148970.0,23.5,59.3,9.2,36.7,68.0,2394.25,8.72
2012,Balears,26224305.0,1101.4,8.54,9.96,21.86,11689.0,,,0.11,,,67.7,0.45,,23810.0,14640.0,876869.0,20.9,6.5,17.7,163170.0,143950.0,24.1,44.4,6.9,35.9,67.7,2137.0,8.11
2013,Balears,26227926.0,1105.8,8.3,9.46,23.17,11513.0,,,2.82,,,66.8,0.9,72.7,23719.0,14496.0,887268.0,19.5,7.3,19.4,154270.0,135230.0,26.4,68.0,7.1,42.9,66.8,1986.5,7.58
2014,Balears,27108615.0,1108.6,10.05,9.53,22.26,10928.0,,,,,,62.0,1.08,,24454.0,14655.0,900330.0,21.8,10.4,21.3,157290.0,141150.0,26.5,60.9,8.9,37.9,62.0,1941.75,7.72
2015,Balears,28653742.0,1113.5,8.71,9.38,20.0,11317.0,22.7,,,,,59.9,0.72,,25732.0,15418.0,911961.0,20.5,6.4,21.7,158940.0,149540.0,28.6,57.2,9.1,40.2,59.9,1958.75,8.39
2016,Balears,30233284.0,1123.0,8.54,9.29,17.31,11412.0,26.4,,,,,60.7,0.8,,26922.0,16074.0,918324.0,11.5,10.5,12.6,178940.0,150070.0,20.8,53.3,6.1,32.7,60.7,2026.92,9.94
2017,Balears,31746251.0,1133.7,8.03,8.88,13.89,13068.0,19.9,,,,,63.6,0.35,,28001.0,16344.0,929066.0,16.8,11.7,15.4,183120.0,1400.0,26.1,51.8,8.2,36.8,63.6,2274.67,11.97
2018,Balears,33185968.0,1148.0,8.81,8.75,12.43,13664.0,24.0,,,,,64.2,0.7,89.7,28906.0,16857.0,936047.0,9.7,7.9,10.2,195540.0,170390.0,17.7,62.4,5.5,33.6,64.2,2678.17,12.42
2019,Balears,34350576.0,1166.1,6.1,8.08,11.52,14103.0,15.5,,,,,66.6,0.51,,29458.0,17529.0,944473.0,11.7,13.8,14.0,18420.0,167980.0,16.7,52.7,4.8,28.7,66.6,2989.08,12.4
2020,Balears,26669106.0,1179.5,8.06,7.78,11.74,13169.0,14.3,,,,,50.7,0.59,,22611.0,15616.0,951508.0,10.4,9.7,13.1,187870.0,183630.0,14.6,49.0,4.6,36.6,50.7,3069.42,12.23
2021,Balears,30512146.0,1182.3,7.03,7.81,16.14,13565.0,18.0,,,,,51.6,0.51,72.9,25807.0,16810.0,952711.0,17.8,6.5,20.3,168670.0,157650.0,19.4,42.7,5.1,30.9,51.6,3188.75,11.49
2022,Balears,37187160.0,1198.5,7.09,7.58,14.32,11771.0,22.1,,,,,63.4,0.25,72.9,31029.0,18339.0,954642.0,11.8,9.3,20.5,185760.0,168780.0,17.0,49.2,4.9,36.4,63.4,3465.42,12.86
2009,Canarias,39505370.0,2034.2,9.72,9.32,17.25,9416.0,,20.69,1.55,17.5,65.47,,,,19421.0,12528.0,1802788.0,9.6,9.6,20.8,136120.0,116730.0,29.2,77.5,6.3,60.1,,1686.58,7.91
2010,Canarias,39738165.0,2053.1,8.6,8.92,26.01,9333.0,,16.08,0.87,20.64,63.47,45.8,0.83,,19355.0,12576.0,1811140.0,12.4,11.6,15.1,139050.0,127370.0,29.7,75.2,6.7,55.5,45.8,1650.42,7.47
2011,Canarias,39611706.0,2074.0,7.87,8.4,28.6,9608.0,,,0.3,,,47.7,0.82,,19099.0,12679.0,1819760.0,9.9,11.0,12.0,131270.0,112840.0,34.0,69.0,6.8,61.2,47.7,1620.0,7.14
2012,Canarias,38239602.0,2087.6,6.88,8.22,29.28,8823.0,,,0.56,,,46.9,0.72,,18317.0,11983.0,1807503.0,12.8,13.7,10.2,124770.0,107520.0,38.8,78.0,7.1,62.7,46.9,1493.58,6.76
2013,Canarias,38066975.0,2096.2,8.97,7.52,32.58,8806.0,,,0.86,,,44.5,0.62,61.8,18160.0,11960.0,1817445.0,11.2,11.5,20.0,126880.0,117230.0,35.8,74.5,7.0,65.6,44.5,1358.67,6.38
2014,Canarias,38312937.0,2097.3,8.97,7.74,33.73,8906.0,,,,,,43.0,0.57,,18268.0,11915.0,1837677.0,10.6,12.1,16.8,125050.0,111570.0,38.4,81.0,7.7,66.9,43.0,1291.83,6.43
2015,Canarias,39636569.0,2099.3,8.33,7.59,32.41,8578.0,41.5,,,,,42.7,0.95,,18881.0,12458.0,1847199.0,13.0,14.9,18.9,129320.0,118390.0,37.8,83.6,10.1,67.0,42.7,1318.58,6.68
2016,Canarias,40979670.0,2106.9,8.79,7.54,29.11,8921.0,38.0,,,,,42.1,1.0,,19450.0,12830.0,1852510.0,11.1,14.7,16.7,129930.0,11010.0,43.1,76.3,8.8,61.3,42.1,1356.5,7.1
2017,Canarias,43035839.0,2120.4,8.18,7.29,26.06,9080.0,46.4,,,,,43.1,0.94,,20296.0,13322.0,1861363.0,12.1,6.8,21.1,131610.0,116150.0,34.3,61.5,7.0,51.0,43.1,1448.08,8.02
2018,Canarias,44609266.0,2139.2,9.04,6.75,23.46,9257.0,39.7,,,,,42.4,1.17,78.9,20853.0,13519.0,1867494.0,12.5,6.2,11.9,135460.0,120470.0,35.7,64.0,7.0,54.7,42.4,1652.92,9.21
2019,Canarias,45766832.0,2163.0,8.44,6.37,20.07,9134.0,40.0,,,,,44.2,0.92,,21159.0,13987.0,1876355.0,11.6,12.8,9.9,142470.0,128190.0,33.4,53.7,5.3,50.2,44.2,1817.08,9.82
2020,Canarias,37587399.0,2180.4,8.56,5.87,20.49,9765.0,37.7,,,,,38.4,0.55,,17239.0,13030.0,1883410.0,13.3,14.3,23.0,14990.0,135880.0,30.9,66.69999999999999,6.9,63.1,38.4,1859.5,9.91
2021,Canarias,41407275.0,2176.9,8.85,5.67,22.62,10252.0,39.8,,,,,37.3,0.73,69.7,19021.0,13986.0,1885118.0,15.0,17.6,26.2,152940.0,137630.0,30.2,59.2,8.2,49.8,37.3,1908.08,9.88
2022,Canarias,48865336.0,2199.3,9.75,5.56,23.46,10589.0,36.1,,,,,43.4,0.58,66.6,22218.0,14702.0,1889212.0,14.8,16.2,20.0,159010.0,140820.0,29.5,60.7,6.3,57.2,43.4,2026.75,10.87
2009,Cantabria,12811684.0,586.8,3.98,9.58,7.16,11736.0,,18.88,0.89,13.68,59.69,,,,21834.0,14840.0,551139.0,12.0,2.7,4.5,181080.0,162120.0,13.4,49.1,5.7,22.0,,1916.17,9.51
2010,Cantabria,12882755.0,589.6,5.52,9.46,12.0,12697.0,,9.94,1.3,11.83,54.28,29.7,0.34,,21850.0,14468.0,553049.0,9.1,1.8,3.4,164560.0,146310.0,19.7,59.3,5.3,39.9,29.7,1945.67,8.41
2011,Cantabria,12680314.0,591.6,3.34,9.03,13.7,11563.0,,,0.21,,,30.8,0.34,,21435.0,14523.0,554127.0,9.0,1.1,9.0,154470.0,133810.0,19.3,52.0,7.2,34.8,30.8,1976.25,7.45
2012,Cantabria,12224935.0,590.8,6.02,8.57,15.29,11031.0,,,0.82,,,31.0,0.17,,20691.0,13673.0,554548.0,12.0,3.8,3.2,152110.0,129610.0,23.4,51.8,5.3,23.1,31.0,1871.33,6.83
2013,Cantabria,11944124.0,588.4,6.14,8.21,17.8,10932.0,,,0.68,,,29.3,0.68,63.3,20299.0,13781.0,553358.0,11.5,4.1,7.8,144260.0,127330.0,26.3,71.5,5.2,33.2,29.3,1705.33,6.14
2014,Cantabria,12158496.0,586.0,5.08,7.79,20.44,10395.0,,,,,,29.3,0.51,,20747.0,13866.0,553894.0,8.2,0.8,8.2,141370.0,129720.0,29.6,65.80000000000001,4.8,31.7,29.3,1595.08,6.0
2015,Cantabria,12443843.0,583.4,6.36,7.5,19.42,10324.0,28.2,,,,,28.7,0.51,,21329.0,14449.0,553471.0,7.1,3.1,6.3,151590.0,138260.0,22.0,57.4,4.3,29.1,28.7,1543.08,5.99
2016,Cantabria,12833899.0,581.4,6.3,7.3,17.65,10968.0,19.7,,,,,29.2,0.0,,22072.0,14982.0,551755.0,10.1,7.1,5.9,154840.0,128680.0,23.4,47.7,4.8,34.8,29.2,1482.42,6.42
2017,Cantabria,13318023.0,581.0,6.36,7.09,14.89,11133.0,25.3,,,,,30.0,0.52,,22922.0,15602.0,550838.0,6.8,2.7,2.3,161990.0,139990.0,21.1,52.8,4.9,12.5,30.0,1474.17,6.77
2018,Cantabria,13843935.0,581.2,4.42,6.55,13.56,11873.0,19.9,,,,,30.4,0.34,77.2,23818.0,16125.0,549571.0,9.6,1.9,7.1,1640.0,146030.0,21.9,64.9,5.3,31.7,30.4,1482.0,7.07
2019,Cantabria,14274351.0,582.3,4.58,6.1,10.67,11715.0,24.5,,,,,31.0,1.03,,24515.0,16509.0,548295.0,4.9,1.4,3.1,177420.0,159320.0,20.5,57.7,5.2,40.2,31.0,1456.25,7.32
2020,Cantabria,12991241.0,583.1,5.92,5.85,10.28,12705.0,19.6,,,,,28.4,0.17,,22279.0,16086.0,547009.0,5.7,1.4,6.8,185780.0,160830.0,18.1,40.6,5.3,31.5,28.4,1442.58,7.68
2021,Cantabria,14206538.0,584.6,7.0,5.63,12.14,13205.0,23.4,,,,,34.0,0.68,68.1,24303.0,16835.0,548340.0,5.9,3.4,9.0,186590.0,163640.0,16.6,33.400000000000006,4.8,25.8,34.0,1452.58,8.11
2022,Cantabria,15560453.0,586.9,7.31,5.49,11.25,13337.0,21.4,,,,,40.4,0.17,68.6,26512.0,17762.0,548199.0,6.8,2.6,5.3,199740.0,173070.0,14.8,42.1,4.9,23.9,40.4,1476.92,8.73
2009,Castilla - La Mancha,39355657.0,2075.9,7.72,10.75,11.67,9530.0,,20.6,2.37,14.4,80.4,,,,18959.0,12249.0,1855425.0,6.7,3.8,12.4,147120.0,129680.0,24.1,62.5,4.9,34.9,,1274.75,5.25
2010,Castilla - La Mancha,39436268.0,2090.6,7.69,10.52,18.88,10082.0,,19.39,0.46,19.86,68.32,34.3,0.57,,18864.0,12373.0,1868819.0,7.4,3.5,9.2,15130.0,123290.0,28.1,58.900000000000006,5.8,38.9,34.3,1265.83,5.05
2011,Castilla - La Mancha,39056838.0,2103.3,6.83,10.16,21.22,10335.0,,,0.68,,,35.4,0.38,,18569.0,12298.0,1882599.0,9.5,4.8,9.0,13720.0,112370.0,33.5,45.8,5.7,33.4,35.4,1239.92,5.12
2012,Castilla - La Mancha,37644363.0,2098.3,6.91,9.71,23.08,9547.0,,,1.64,,,35.5,0.81,,17941.0,11692.0,1885839.0,13.1,6.2,8.5,133070.0,113720.0,37.2,63.400000000000006,6.8,48.4,35.5,1107.83,5.05
2013,Castilla - La Mancha,36910747.0,2083.1,7.53,9.15,28.58,9231.0,,,0.44,,,35.3,0.72,66.7,17720.0,11798.0,1880079.0,10.7,4.5,15.5,126730.0,110230.0,41.5,65.2,6.5,38.7,35.3,993.33,4.69
2014,Castilla - La Mancha,36136765.0,2067.3,8.93,8.9,29.97,8759.0,,,,,,34.0,0.77,,17480.0,11721.0,1882578.0,9.6,2.3,13.5,128240.0,110350.0,39.4,62.2,6.2,33.2,34.0,920.58,4.45
2015,Castilla - La Mancha,37998035.0,2054.1,9.05,8.87,29.0,8938.0,36.1,,,,,32.6,0.63,,18499.0,12277.0,1881103.0,8.1,3.9,13.1,127250.0,111610.0,39.2,67.1,6.7,39.3,32.6,897.08,4.45
2016,Castilla - La Mancha,39136242.0,2043.8,7.8,8.71,26.35,8868.0,34.3,,,,,31.1,0.54,,19149.0,12693.0,1873519.0,11.7,4.8,16.6,131060.0,114560.0,39.8,62.6,6.4,35.0,31.1,864.0,4.57
2017,Castilla - La Mancha,40768959.0,2034.1,6.33,8.29,23.55,9085.0,36.6,,,,,31.5,0.59,,20043.0,13114.0,1870311.0,10.1,4.0,4.9,136040.0,115960.0,34.3,55.9,6.3,38.6,31.5,865.67,4.73
2018,Castilla - La Mancha,42290925.0,2032.1,7.47,7.8,20.77,9405.0,33.9,,,,,33.6,0.39,75.5,20811.0,13517.0,1862987.0,10.2,0.9,9.1,143050.0,126460.0,34.1,50.900000000000006,6.6,39.9,33.6,875.33,5.02
2019,Castilla - La Mancha,43393303.0,2040.7,6.1,7.51,18.16,9837.0,32.6,,,,,34.5,0.54,,21264.0,14035.0,1860767.0,7.4,1.9,6.2,145050.0,133840.0,31.9,47.400000000000006,5.5,39.3,34.5,878.17,5.29
2020,Castilla - La Mancha,40254360.0,2045.9,7.24,7.21,16.21,10061.0,30.4,,,,,30.3,0.83,,19675.0,14059.0,1858267.0,6.9,1.6,8.4,158020.0,144460.0,26.9,39.2,4.8,33.1,30.3,864.42,5.53
2021,Castilla - La Mancha,44123986.0,2050.9,8.43,7.1,17.68,10797.0,31.3,,,,,32.9,0.49,69.1,21515.0,14646.0,1859995.0,7.8,2.1,14.2,15350.0,140540.0,29.0,44.6,5.7,35.6,32.9,870.92,5.82
2022,Castilla - La Mancha,50022532.0,2071.2,7.77,7.01,15.67,10700.0,32.2,,,,,39.1,0.91,66.9,24152.0,15484.0,1859853.0,5.9,4.1,14.5,164040.0,14860.0,26.3,49.8,4.9,36.6,39.1,886.5,6.1
2009,Castilla Y León,54452146.0,2547.6,7.87,8.01,9.62,10852.0,,18.98,3.59,16.82,83.8,,,,21374.0,14353.0,2395880.0,5.8,3.2,7.2,164150.0,146580.0,18.7,55.4,5.1,24.3,,1373.17,5.29
2010,Castilla Y León,54692531.0,2545.4,8.07,8.05,13.98,11590.0,,19.0,2.32,15.9,77.12,,,,21487.0,14316.0,2390017.0,5.5,3.3,9.2,1610.0,147360.0,19.0,54.2,5.2,31.4,33.2,1402.33,5.26
2011,Castilla Y León,54328993.0,2541.4,7.68,7.82,15.8,11355.0,,,4.73,,,,,,21378.0,14380.0,2385647.0,4.7,2.2,7.7,159180.0,144770.0,21.3,49.3,4.9,25.1,33.0,1465.42,5.58
2012,Castilla Y León,52589720.0,2525.5,6.49,7.54,16.86,11221.0,,,2.31,,,,,,20823.0,13878.0,2372569.0,6.9,0.6,6.6,159090.0,143540.0,20.9,48.6,5.0,28.4,33.4,1395.0,5.59
2013,Castilla Y León,51280425.0,2504.7,7.32,7.11,19.8,11230.0,,,2.12,,,,,50.1,20474.0,13764.0,2355095.0,7.0,1.0,3.2,157430.0,141620.0,24.2,57.0,5.2,25.3,31.9,1294.0,5.28
2014,Castilla Y León,51383670.0,2483.0,7.58,7.2,21.75,11123.0,,,,,,,,,20694.0,13771.0,2347972.0,9.4,2.7,4.7,15080.0,137910.0,29.6,55.2,6.2,29.2,31.0,1215.83,5.15
2015,Castilla Y León,53183396.0,2462.2,8.76,7.06,20.77,10807.0,25.1,,,,,,,,21600.0,14355.0,2336916.0,8.6,1.8,5.3,152840.0,136350.0,25.8,52.7,5.6,26.5,30.3,1172.33,5.22
2016,Castilla Y León,54630532.0,2442.3,7.82,6.82,18.26,10998.0,22.3,,,,,,,,22369.0,14731.0,2318886.0,5.8,2.5,5.8,156450.0,139870.0,26.7,47.3,5.1,24.1,29.5,1147.83,5.38
2017,Castilla Y León,55879293.0,2421.6,7.73,6.4,15.82,11218.0,21.4,,,,,,,,23076.0,15126.0,2303523.0,5.6,1.9,2.4,1630.0,150080.0,22.3,39.0,4.7,23.9,29.7,1148.42,5.69
2018,Castilla Y León,58326859.0,2408.6,7.97,6.24,14.08,11697.0,18.2,,,,,,,75.5,24216.0,15761.0,2285589.0,4.4,0.8,3.2,172640.0,152830.0,20.1,43.1,4.8,23.6,31.1,1159.75,6.02
2019,Castilla Y León,59649198.0,2400.5,7.76,5.96,12.1,12474.0,18.7,,,,,,,,24849.0,16378.0,2269754.0,3.9,1.0,3.1,172330.0,153490.0,17.0,35.599999999999994,4.5,23.9,31.8,1153.58,6.36
2020,Castilla Y León,54794589.0,2389.2,7.92,5.71,11.63,12530.0,16.2,,,,,,,,22934.0,16292.0,2253761.0,4.3,1.6,6.9,182840.0,16640.0,15.6,34.0,4.5,24.7,27.2,1130.83,6.67
2021,Castilla Y León,59465900.0,2376.7,8.19,5.5,12.06,13236.0,18.4,,,,,,,72.1,25020.0,16838.0,2239029.0,6.7,2.3,10.0,181810.0,166880.0,19.6,35.2,5.1,24.1,31.1,1135.33,6.85
2022,Castilla Y León,65461058.0,2379.6,8.81,5.52,11.61,13258.0,21.9,,,,,,,70.5,27509.0,17596.0,2225985.0,6.9,2.1,10.4,191170.0,173370.0,17.8,39.900000000000006,4.9,27.1,36.5,1137.92,7.08
2009,Cataluña,200745296.0,7447.3,5.84,11.44,8.89,13048.0,,20.91,1.09,14.2,77.65,,,,26956.0,16813.0,6286141.0,14.0,6.6,9.0,189780.0,168180.0,14.6,65.5,5.8,38.6,,2316.08,9.77
2010,Cataluña,202602183.0,7477.3,5.94,11.28,16.22,13425.0,,13.8,1.41,13.77,63.94,62.2,1.3,,27096.0,16934.0,6313843.0,13.3,6.6,12.1,192390.0,164810.0,14.7,62.5,6.1,32.3,62.2,2314.75,9.73
2011,Cataluña,199939125.0,7504.0,5.69,10.83,17.66,13586.0,,,1.59,,,60.6,1.01,,26644.0,16837.0,6353766.0,12.0,11.1,6.5,18170.0,157920.0,16.5,56.3,5.6,34.4,60.6,2315.75,9.78
2012,Cataluña,194512765.0,7499.4,6.36,10.33,19.16,12881.0,,,0.99,,,60.4,0.99,,25937.0,15978.0,6384129.0,13.3,8.2,13.0,181360.0,15870.0,19.8,64.0,6.2,42.0,60.4,2087.92,9.43
2013,Cataluña,193328965.0,7456.3,7.16,9.62,22.51,12862.0,,,1.43,,,57.9,0.58,67.1,25928.0,15997.0,6395178.0,11.0,5.8,10.6,178830.0,157040.0,19.4,65.1,5.7,40.0,57.9,1909.25,8.76
2014,Cataluña,196999531.0,7419.6,7.35,9.67,23.12,12759.0,,,,,,57.0,0.77,,26551.0,16219.0,6429689.0,12.9,7.5,10.5,181040.0,162790.0,20.5,67.2,6.5,41.1,57.0,1819.33,8.74
2015,Cataluña,206434270.0,7424.0,7.11,9.53,20.33,12797.0,23.5,,,,,56.0,0.57,,27806.0,16904.0,6480037.0,11.6,7.8,11.9,182360.0,161120.0,18.5,62.3,6.1,38.0,56.0,1821.92,9.59
2016,Cataluña,214502547.0,7452.8,6.62,9.29,18.6,12887.0,18.3,,,,,54.2,0.72,,28781.0,17249.0,6499198.0,11.1,5.3,9.9,188280.0,167570.0,16.7,63.3,5.6,37.2,54.2,1794.33,10.81
2017,Cataluña,223139777.0,7495.6,6.75,8.97,15.72,13214.0,18.7,,,,,56.3,0.87,,29770.0,17529.0,6514468.0,10.7,6.8,8.3,189570.0,168280.0,18.6,49.6,5.7,31.9,56.3,1875.92,12.54
2018,Cataluña,231101287.0,7571.0,6.62,8.46,13.41,13272.0,19.1,,,,,62.3,0.59,80.3,30525.0,17729.0,6517966.0,9.9,5.2,8.7,197910.0,183020.0,16.7,52.7,5.2,28.3,62.3,2055.75,13.27
2019,Cataluña,240165818.0,7673.0,6.75,8.09,11.49,13941.0,17.7,,,,,63.8,0.76,,31300.0,18458.0,6515790.0,10.3,7.3,8.1,200490.0,17790.0,16.1,50.8,5.6,26.1,63.8,2176.75,13.55
2020,Cataluña,214857435.0,7729.9,6.81,7.64,11.03,14268.0,17.3,,,,,45.7,0.62,,27796.0,17749.0,6519860.0,10.1,11.9,14.3,208720.0,189430.0,17.2,45.0,6.2,33.4,45.7,2199.33,13.88
2021,Cataluña,234820402.0,7734.5,7.05,7.52,12.63,14990.0,21.4,,,,,50.5,0.74,74.4,30360.0,18688.0,6512697.0,10.4,8.3,14.2,209270.0,188280.0,15.4,42.5,5.5,32.9,50.5,2259.83,13.01
2022,Cataluña,258786739.0,7831.9,7.18,7.19,11.69,14943.0,20.9,,,,,60.7,0.79,71.7,33043.0,19147.0,6520801.0,10.7,9.0,14.8,216370.0,197340.0,14.5,48.6,5.2,34.8,60.7,2289.58,13.7
2009,Ceuta,1484372.0,77.8,2.45,14.81,17.43,8537.0,,20.09,2.0,13.5,59.25,,,,19077.0,13428.0,75124.0,9.8,21.6,5.4,142610.0,115740.0,36.4,77.8,15.0,44.8,,,
2010,Ceuta,1494058.0,80.6,10.79,14.79,18.55,9367.0,,9.89,1.38,15.72,72.98,74.1,1.24,,18532.0,13004.0,76584.0,5.0,19.4,13.6,153320.0,132510.0,31.3,78.0,8.3,58.7,74.1,,
2011,Ceuta,1491191.0,82.9,6.86,14.06,23.92,10696.0,,,0.0,,,75.9,4.82,,17986.0,12824.0,77448.0,5.8,33.9,23.3,162080.0,129110.0,27.4,68.5,8.1,48.0,75.9,2162.17,10.95
2012,Ceuta,1438908.0,84.2,1.14,13.4,27.71,10882.0,,,0.0,,,83.8,0.0,,17094.0,11751.0,78206.0,9.2,32.8,24.9,155110.0,127790.0,32.6,81.0,10.8,66.4,83.8,2150.08,10.79
2013,Ceuta,1454750.0,84.4,3.76,12.85,37.02,10852.0,,,0.99,,,69.3,2.37,65.3,17229.0,11963.0,78512.0,6.6,33.0,28.7,146860.0,107210.0,43.5,82.4,10.9,69.6,69.3,2133.92,10.19
2014,Ceuta,1446625.0,84.5,4.54,14.2,34.84,10091.0,,,,,,62.8,7.1,,17123.0,11898.0,79427.0,5.2,29.0,29.2,137580.0,94920.0,50.4,79.0,9.2,69.2,62.8,2052.83,9.59
2015,Ceuta,1498459.0,84.4,6.51,12.97,31.85,9493.0,50.2,,,,,58.8,1.18,,17757.0,12453.0,79114.0,7.7,25.1,37.2,133620.0,111680.0,37.6,69.5,7.1,63.2,58.8,2046.17,9.67
2016,Ceuta,1537398.0,84.7,4.25,12.51,27.63,9430.0,35.0,,,,,54.7,4.72,,18155.0,12738.0,79086.0,9.5,24.3,21.5,148580.0,123580.0,39.4,64.7,6.3,63.7,54.7,2094.67,9.4
2017,Ceuta,1553567.0,85.1,5.52,12.29,24.92,10232.0,36.6,,,,,52.9,1.18,,18262.0,12680.0,79316.0,7.3,17.9,17.7,150750.0,122810.0,35.6,60.5,11.5,42.4,52.9,2065.83,9.65
2018,Ceuta,1611648.0,85.2,3.35,11.44,22.45,10235.0,45.9,,,,,55.4,1.17,58.9,18923.0,13245.0,79302.0,7.8,20.8,27.0,149910.0,103390.0,46.3,64.0,10.3,64.6,55.4,2103.17,9.72
2019,Ceuta,1659979.0,84.8,1.11,9.96,29.01,10637.0,46.1,,,,,56.0,4.72,,19577.0,13958.0,78985.0,12.4,21.2,14.5,160590.0,120580.0,44.0,51.8,11.5,50.6,56.0,2095.58,8.7
2020,Ceuta,1535718.0,84.5,4.59,10.04,25.84,10724.0,49.1,,,,,43.2,2.37,,18184.0,13880.0,78497.0,12.0,17.8,28.2,150580.0,124550.0,36.3,42.6,10.7,55.9,43.2,,
2021,Ceuta,1634006.0,83.1,5.12,8.68,24.53,10750.0,35.9,,,,,47.1,2.41,64.0,19661.0,14848.0,78150.0,14.1,7.0,29.4,161590.0,123320.0,35.7,53.9,9.5,54.9,47.1,,
2022,Ceuta,1768941.0,83.1,5.55,8.77,30.85,11305.0,40.5,,,,,43.9,4.82,68.7,21299.0,15590.0,78207.0,9.5,16.9,24.1,188640.0,14750.0,34.8,60.3,11.0,47.0,43.9,,
2009,Comunitat Valenciana,101989994.0,4984.4,7.65,10.51,11.99,10310.0,,19.88,2.06,16.66,80.6,,,,20462.0,13165.0,4205335.0,12.1,3.7,18.7,157030.0,140040.0,20.4,64.7,5.3,39.3,,1640.5,6.52
2010,Comunitat Valenciana,101870024.0,4988.9,7.83,10.36,20.76,11018.0,,21.16,1.71,14.64,39.69,57.6,0.92,,20419.0,13220.0,4217947.0,9.1,3.0,16.3,15780.0,136450.0,22.4,63.8,6.2,40.8,57.6,1554.08,6.08
2011,Comunitat Valenciana,100387555.0,5002.1,8.03,9.89,22.86,11077.0,,,0.66,,,56.9,0.92,,20069.0,13332.0,4236408.0,9.2,4.6,8.7,153440.0,13280.0,26.0,59.7,6.0,40.6,56.9,1504.83,5.72
2012,Comunitat Valenciana,95835883.0,4999.1,6.56,9.52,23.99,10682.0,,,2.16,,,55.6,1.02,,19171.0,12519.0,4246254.0,11.5,3.9,15.0,148640.0,13010.0,29.7,66.5,6.7,47.4,55.6,1387.67,5.6
2013,Comunitat Valenciana,95110090.0,4970.0,7.98,8.9,27.19,10451.0,,,0.5,,,52.4,0.64,69.5,19137.0,12501.0,4249924.0,11.0,4.0,15.5,138810.0,12130.0,33.1,71.3,6.5,42.8,52.4,1257.75,5.28
2014,Comunitat Valenciana,97256083.0,4951.7,7.89,8.96,28.05,9840.0,,,,,,50.0,0.65,,19641.0,12631.0,4265214.0,9.4,2.8,19.5,134460.0,117170.0,36.0,77.5,5.8,47.9,50.0,1201.5,5.16
2015,Comunitat Valenciana,101214206.0,4937.2,7.43,8.81,25.82,9556.0,32.6,,,,,47.5,0.97,,20500.0,13183.0,4280478.0,11.5,4.6,15.1,133050.0,117690.0,36.5,73.3,6.4,41.6,47.5,1201.58,5.25
2016,Comunitat Valenciana,104205396.0,4936.3,6.79,8.52,22.78,9549.0,32.7,,,,,46.6,0.61,,21110.0,13460.0,4287589.0,11.1,5.6,12.8,135890.0,118610.0,34.8,69.3,6.0,43.8,46.6,1194.42,5.64
2017,Comunitat Valenciana,108666712.0,4940.3,6.68,8.18,20.61,9723.0,30.6,,,,,46.0,0.83,,21996.0,13857.0,4299129.0,11.2,4.7,14.6,143650.0,130940.0,31.9,63.400000000000006,6.6,49.4,46.0,1218.5,6.06
2018,Comunitat Valenciana,112749574.0,4962.0,7.73,7.68,18.17,10288.0,30.8,,,,,46.7,0.5,77.9,22723.0,14219.0,4298782.0,9.3,4.2,7.6,150380.0,137480.0,30.9,58.2,5.6,39.9,46.7,1307.08,6.69
2019,Comunitat Valenciana,116588528.0,5015.1,7.72,7.47,15.59,10761.0,29.5,,,,,46.4,0.8,,23248.0,14828.0,4300356.0,7.0,4.0,9.4,155820.0,139940.0,28.5,50.6,5.6,35.3,46.4,1375.75,7.16
2020,Comunitat Valenciana,106067171.0,5055.7,8.55,7.1,14.11,11132.0,27.2,,,,,38.2,0.73,,20980.0,14535.0,4305222.0,10.6,2.9,14.4,165180.0,15180.0,25.7,47.8,6.6,36.8,38.2,1392.75,7.58
2021,Comunitat Valenciana,116386906.0,5072.7,8.34,7.06,16.19,11926.0,28.8,,,,,44.4,0.69,71.9,22944.0,15142.0,4306522.0,9.6,4.0,13.5,164740.0,152730.0,26.9,47.8,6.2,32.3,44.4,1457.83,7.56
2022,Comunitat Valenciana,127671811.0,5162.2,7.5,6.9,16.08,11803.0,29.2,,,,,51.0,0.72,71.1,24732.0,15436.0,4313498.0,7.4,3.8,12.2,174440.0,155250.0,22.3,48.2,5.2,34.6,51.0,1549.17,8.31
2009,Extremadura,18370208.0,1097.1,7.19,9.4,15.35,8407.0,,25.32,0.84,12.82,57.88,,,,16744.0,11096.0,1065187.0,3.9,3.0,1.8,138330.0,120240.0,29.7,66.7,5.6,30.1,,1148.08,5.32
2010,Extremadura,18652452.0,1100.4,6.87,9.2,20.63,9481.0,,21.48,2.24,16.28,57.29,27.3,0.27,,16950.0,11348.0,1067864.0,4.9,1.5,9.2,135090.0,109430.0,35.3,66.9,5.6,46.1,27.3,1130.92,4.92
2011,Extremadura,18273867.0,1103.5,7.39,9.01,22.97,9414.0,,,1.83,,,26.7,0.91,,16560.0,11341.0,1067648.0,4.6,2.8,5.2,131510.0,108520.0,36.6,56.9,5.5,44.5,26.7,1180.25,4.82
2012,Extremadura,17579526.0,1101.9,6.1,8.55,25.08,9176.0,,,1.59,,,26.7,1.18,,15953.0,10832.0,1065589.0,7.0,3.2,7.3,122810.0,10490.0,38.9,61.2,6.3,47.1,26.7,1100.17,4.81
2013,Extremadura,17606422.0,1098.5,6.63,8.09,33.08,8597.0,,,1.56,,,26.7,0.64,59.1,16028.0,10956.0,1062327.0,5.4,1.5,9.2,121390.0,102130.0,43.4,73.9,5.7,46.9,26.7,1023.92,4.52
2014,Extremadura,17564650.0,1094.2,6.42,8.38,33.87,8675.0,,,,,,25.8,0.37,,16053.0,10964.0,1061916.0,7.5,3.6,7.8,113450.0,99050.0,46.8,72.8,5.7,41.9,25.8,980.08,4.34
2015,Extremadura,18494971.0,1088.4,5.65,8.18,29.79,8101.0,38.2,,,,,25.0,0.09,,16993.0,11433.0,1058660.0,5.8,4.2,6.3,124210.0,103590.0,44.8,67.6,5.8,40.0,25.0,951.0,4.27
2016,Extremadura,19069471.0,1082.5,5.12,8.12,29.09,8947.0,34.7,,,,,24.3,0.65,,17616.0,11857.0,1054071.0,3.6,2.6,6.1,127750.0,106730.0,42.2,65.4,5.4,43.4,24.3,927.0,4.38
2017,Extremadura,20169546.0,1075.1,7.1,7.92,27.52,9078.0,35.2,,,,,24.6,0.74,,18761.0,12399.0,1048303.0,5.8,2.8,11.3,120060.0,96440.0,46.8,61.900000000000006,5.9,50.8,24.6,921.75,4.62
2018,Extremadura,20713254.0,1069.4,6.6,7.33,26.22,8683.0,42.8,,,,,25.1,0.37,83.8,19368.0,12647.0,1041216.0,5.2,1.6,9.9,123760.0,102650.0,45.7,66.6,4.8,44.4,25.1,912.42,4.74
2019,Extremadura,21166132.0,1065.6,6.15,7.2,23.64,8917.0,43.3,,,,,25.9,0.47,,19863.0,13151.0,1035087.0,6.4,1.6,10.1,128160.0,108820.0,39.6,57.8,4.8,44.7,25.9,903.08,5.0
2020,Extremadura,19497343.0,1062.5,7.05,6.97,21.53,9150.0,36.3,,,,,23.6,0.85,,18351.0,13246.0,1029320.0,3.7,4.1,13.7,132970.0,120060.0,33.9,55.3,4.5,46.8,23.6,902.33,5.12
2021,Extremadura,21551517.0,1058.4,8.16,6.87,21.8,9575.0,37.7,,,,,25.8,0.38,75.2,20363.0,13931.0,1024615.0,5.6,2.3,11.8,139080.0,120960.0,33.4,49.2,5.1,39.3,25.8,930.42,5.38
2022,Extremadura,23479961.0,1055.6,7.02,6.46,20.16,9865.0,38.1,,,,,30.4,0.28,68.0,22244.0,14416.0,1019638.0,4.4,1.8,12.4,148430.0,127540.0,30.2,55.7,4.6,42.3,30.4,936.5,5.63
2009,Galicia,56253055.0,2769.1,9.95,8.14,8.64,9764.0,,17.71,0.93,16.49,69.25,,,,20314.0,13511.0,2689452.0,4.5,1.9,6.7,151130.0,136070.0,19.2,60.400000000000006,4.6,33.6,,1543.83,7.56
2010,Galicia,56787248.0,2771.8,11.37,7.95,12.44,10307.0,,14.91,1.08,17.88,60.69,28.0,0.61,,20488.0,13375.0,2687983.0,4.7,2.5,7.0,157640.0,139350.0,18.0,60.7,5.0,36.8,28.0,1588.33,6.78
2011,Galicia,55816965.0,2771.7,9.16,7.79,15.32,10825.0,,,0.59,,,29.5,0.51,,20139.0,13485.0,2684954.0,5.8,3.6,5.6,15450.0,137910.0,19.2,62.0,5.0,30.0,29.5,1728.83,6.34
2012,Galicia,54021344.0,2764.6,10.02,7.63,17.26,10746.0,,,0.87,,,30.1,0.58,,19541.0,12897.0,2669315.0,6.7,0.7,7.6,153330.0,135150.0,23.6,63.0,5.4,35.2,30.1,1658.75,6.15
2013,Galicia,54038718.0,2752.1,10.97,7.17,20.53,10598.0,,,1.34,,,29.5,0.55,45.3,19636.0,12918.0,2655978.0,7.0,1.3,5.9,150370.0,131050.0,24.5,72.30000000000001,4.8,36.6,29.5,1522.42,5.64
2014,Galicia,54411393.0,2737.6,11.07,7.17,22.04,10464.0,,,,,,28.6,0.73,,19876.0,13111.0,2650450.0,4.5,1.4,7.4,152730.0,13330.0,26.7,65.9,5.0,36.5,28.6,1450.67,5.56
2015,Galicia,57010602.0,2723.4,12.19,7.13,21.65,10525.0,24.1,,,,,28.1,0.7,,20934.0,13591.0,2641706.0,6.4,2.1,7.8,151330.0,134590.0,27.0,56.7,5.5,27.4,28.1,1401.33,5.48
2016,Galicia,58564023.0,2712.1,10.47,7.03,19.31,10484.0,24.7,,,,,27.4,0.44,,21594.0,13984.0,2630559.0,6.6,0.9,6.4,154280.0,13250.0,26.1,56.0,5.5,28.9,27.4,1382.92,5.46
2017,Galicia,60630852.0,2702.7,11.07,6.82,17.15,10789.0,25.3,,,,,27.4,0.48,,22433.0,14438.0,2621150.0,6.3,2.5,4.5,15880.0,147560.0,22.5,42.9,5.8,21.6,27.4,1387.0,5.61
2018,Galicia,62649363.0,2699.0,10.61,6.14,15.67,11108.0,22.3,,,,,29.1,0.3,64.4,23212.0,14876.0,2609185.0,4.6,1.5,3.9,167580.0,150530.0,22.6,45.5,5.4,20.3,29.1,1367.75,5.94
2019,Galicia,64502005.0,2698.7,8.86,5.82,13.34,11438.0,24.8,,,,,29.7,0.59,,23901.0,15488.0,2598631.0,5.1,2.0,5.6,166210.0,149670.0,24.3,39.3,5.2,24.4,29.7,1341.5,6.39
2020,Galicia,59007178.0,2698.8,9.57,5.65,11.76,11497.0,24.2,,,,,27.2,0.41,,21864.0,15290.0,2589181.0,5.3,1.8,8.5,167570.0,154110.0,22.5,36.9,5.3,28.1,27.2,1321.67,6.83
2021,Galicia,64387386.0,2691.0,9.91,5.5,12.02,11863.0,24.8,,,,,32.8,0.67,69.0,23927.0,15922.0,2581111.0,5.4,2.4,9.0,167850.0,154090.0,21.8,41.400000000000006,5.1,24.7,32.8,1327.58,7.1
2022,Galicia,71637767.0,2696.1,10.93,5.38,11.54,11835.0,24.1,,,,,35.2,0.26,64.8,26571.0,16877.0,2571724.0,4.8,3.2,9.4,180930.0,166750.0,18.1,44.0,4.5,29.3,35.2,1325.17,7.38
2009,Madrid,199290149.0,6354.1,2.95,11.95,8.61,13089.0,,17.74,1.26,13.42,79.07,,,,31364.0,18183.0,5323129.0,15.4,7.5,12.3,205970.0,183490.0,15.4,56.5,6.3,32.5,,2600.58,11.03
2010,Madrid,198289849.0,6384.4,2.51,11.57,13.86,14100.0,,13.3,0.94,10.3,74.05,62.9,0.8,,31059.0,18208.0,5378740.0,13.2,8.5,12.6,201280.0,180640.0,14.3,56.0,5.9,36.8,62.9,2589.0,10.99
2011,Madrid,199623724.0,6409.1,1.95,11.24,15.84,14089.0,,,1.42,,,61.3,0.72,,31147.0,18411.0,5422095.0,12.6,7.3,6.6,199840.0,171140.0,15.4,60.5,6.1,36.7,61.3,2610.58,10.98
2012,Madrid,196359670.0,6424.0,2.17,10.8,16.33,13695.0,,,1.4,,,61.3,0.75,,30566.0,17348.0,5483506.0,13.4,7.4,7.6,199020.0,171320.0,17.3,64.1,6.5,39.7,61.3,2425.42,10.52
2013,Madrid,193344523.0,6388.7,1.46,10.22,18.53,13636.0,,,1.39,,,59.3,0.58,67.2,30264.0,17450.0,5535430.0,14.5,7.4,11.1,191240.0,168560.0,19.8,63.0,6.1,39.2,59.3,2253.42,9.89
2014,Madrid,196018105.0,6369.1,5.19,10.27,19.76,13506.0,,,,,,57.4,0.64,,30776.0,17683.0,5574487.0,14.5,6.5,10.3,187890.0,164980.0,21.1,63.7,6.5,37.7,57.4,2181.58,9.95
2015,Madrid,206231525.0,6389.8,5.34,10.14,18.74,13221.0,18.8,,,,,57.1,0.47,,32275.0,18441.0,5625868.0,13.5,7.4,9.2,185930.0,16030.0,20.6,58.4,6.9,33.7,57.1,2162.67,10.39
2016,Madrid,214469101.0,6430.9,5.06,9.79,17.06,13182.0,20.0,,,,,58.1,0.51,,33350.0,19064.0,5674369.0,15.6,6.2,8.7,187090.0,164640.0,22.4,58.5,7.2,33.6,58.1,2145.92,11.1
2017,Madrid,224373156.0,6486.3,4.73,9.31,15.72,13319.0,21.6,,,,,58.8,0.6,,34592.0,19532.0,5711913.0,15.1,6.5,6.9,193140.0,172940.0,20.3,47.1,7.7,34.0,58.8,2175.58,12.26
2018,Madrid,233735808.0,6565.5,5.16,8.74,13.34,13855.0,20.3,,,,,59.4,0.55,77.1,35601.0,19703.0,5751623.0,13.5,6.0,8.7,196480.0,168920.0,18.5,51.9,6.3,31.8,59.4,2473.92,13.55
2019,Madrid,243889359.0,6661.4,5.1,8.34,12.22,13863.0,20.1,,,,,61.2,0.48,,36613.0,20638.0,5781575.0,13.0,6.1,7.2,21030.0,176810.0,18.4,43.2,6.5,31.2,61.2,2720.42,14.14
2020,Madrid,221061932.0,6728.8,5.18,7.75,10.62,14806.0,19.1,,,,,46.1,0.56,,32853.0,19755.0,5824174.0,10.1,11.9,11.5,214290.0,181540.0,16.2,42.2,5.8,30.1,46.1,2724.17,14.41
2021,Madrid,239837609.0,6717.7,5.36,7.62,12.49,15365.0,20.0,,,,,51.5,0.55,73.1,35703.0,20654.0,5796129.0,13.4,9.0,13.2,21990.0,192060.0,16.0,40.7,6.3,30.6,51.5,2857.17,13.52
2022,Madrid,267385856.0,6807.6,5.01,7.49,11.69,15504.0,21.2,,,,,58.9,0.66,73.2,39278.0,21261.0,5800367.0,12.2,8.5,11.9,233380.0,202840.0,14.8,43.3,5.7,31.3,58.9,3010.42,14.11
2009,Melilla,1361870.0,74.5,10.48,17.09,19.99,12113.0,,15.18,0.0,6.81,32.44,,,,18284.0,12476.0,65863.0,7.4,14.9,13.1,17120.0,186340.0,30.0,67.5,9.9,52.2,,,
2010,Melilla,1367400.0,77.4,8.2,17.55,23.49,12370.0,,11.24,0.38,9.27,51.39,60.1,0.0,,17661.0,12165.0,67161.0,7.2,18.6,22.8,182590.0,171980.0,25.8,69.30000000000001,7.6,53.2,60.1,,
2011,Melilla,1374489.0,80.2,0.97,18.15,22.78,12474.0,,,0.23,,,61.6,0.0,,17144.0,11997.0,68443.0,11.8,27.1,18.8,182780.0,14320.0,27.2,81.4,10.7,52.0,61.6,,
2012,Melilla,1325903.0,82.7,6.61,18.34,22.39,13274.0,,,0.28,,,56.1,4.84,,16035.0,10898.0,69538.0,4.2,8.0,4.3,190110.0,148470.0,12.0,60.3,5.4,55.5,56.1,,
2013,Melilla,1339497.0,83.8,11.11,18.04,26.92,12897.0,,,0.13,,,56.0,1.19,71.3,15981.0,10895.0,71068.0,8.2,16.4,17.8,178980.0,132880.0,33.3,60.2,10.1,45.9,56.0,1807.92,9.2
2014,Melilla,1350573.0,84.4,1.25,19.33,32.52,12635.0,,,,,,54.7,3.55,,15999.0,10914.0,71807.0,9.9,12.8,16.4,180730.0,134220.0,24.9,57.4,10.1,46.3,54.7,1748.08,8.49
2015,Melilla,1407605.0,85.3,7.09,17.83,28.39,13200.0,26.6,,,,,57.4,1.17,,16506.0,11374.0,72640.0,9.2,16.1,13.5,159370.0,129290.0,29.8,69.3,7.4,43.3,57.4,1735.58,8.41
2016,Melilla,1452752.0,85.6,6.03,17.19,33.96,11255.0,27.5,,,,,56.5,1.17,,16979.0,11642.0,72706.0,10.0,18.9,12.5,173490.0,169990.0,24.6,59.8,8.2,47.1,56.5,1701.67,8.25
2017,Melilla,1466610.0,86.0,2.45,15.82,30.75,12183.0,26.2,,,,,55.2,0.0,,17051.0,11722.0,72765.0,8.8,21.4,9.9,164530.0,148430.0,28.3,54.4,7.1,30.6,55.2,1706.75,8.33
2018,Melilla,1510904.0,86.2,3.53,15.83,27.59,11381.0,27.8,,,,,63.7,0.0,86.1,17531.0,12141.0,72883.0,9.2,17.9,9.3,1950.0,16840.0,22.4,51.900000000000006,9.1,40.3,63.7,1749.25,8.23
2019,Melilla,1560101.0,86.3,1.23,14.64,25.76,14144.0,21.5,,,,,64.7,1.16,,18073.0,12703.0,73221.0,12.8,20.7,11.1,180030.0,170630.0,37.0,44.7,13.9,43.7,64.7,1757.17,8.42
2020,Melilla,1452031.0,86.6,1.34,11.41,26.95,12989.0,35.9,,,,,51.6,0.0,,16776.0,12706.0,73713.0,13.2,28.7,19.8,182140.0,149220.0,38.2,50.5,15.0,52.3,51.6,1760.92,8.5
2021,Melilla,1534391.0,85.8,4.96,11.17,23.62,12479.0,38.9,,,,,48.0,0.0,71.4,17891.0,13835.0,73650.0,15.4,15.8,26.2,182590.0,156040.0,32.2,55.6,14.1,48.5,48.0,1815.42,8.92
2022,Melilla,1657781.0,85.2,4.7,10.49,25.4,13159.0,31.5,,,,,50.8,2.34,77.2,19455.0,14720.0,73495.0,13.2,18.6,23.1,198490.0,162530.0,34.5,47.5,12.4,45.3,50.8,1888.0,9.1
2009,Murcia,28076274.0,1448.5,8.73,12.82,12.44,9751.0,,23.65,0.62,19.08,82.45,,,,19383.0,12096.0,1210529.0,12.8,7.1,18.1,141390.0,124890.0,28.0,74.0,5.7,47.2,,1443.42,6.02
2010,Murcia,28372216.0,1456.5,7.3,12.38,20.32,9859.0,,19.68,1.67,20.12,58.54,39.7,1.03,,19479.0,12309.0,1220114.0,11.5,4.0,20.4,135740.0,122430.0,29.6,78.0,5.8,51.9,39.7,1387.0,5.68
2011,Murcia,27698320.0,1461.1,6.38,11.91,22.87,9451.0,,,0.5,,,39.6,0.68,,18957.0,12250.0,1229206.0,8.9,9.1,11.1,130220.0,112830.0,31.3,70.6,4.7,49.0,39.6,1374.0,5.55
2012,Murcia,26950848.0,1461.2,8.76,11.42,24.99,8933.0,,,0.37,,,39.3,0.68,,18444.0,11628.0,1236056.0,11.7,5.9,14.1,128910.0,116430.0,30.5,78.3,5.1,57.1,39.3,1243.25,5.53
2013,Murcia,27046880.0,1461.9,7.62,11.02,27.61,9094.0,,,1.6,,,37.4,0.34,67.3,18502.0,11671.0,1241027.0,10.0,6.3,24.5,124870.0,111480.0,36.5,78.7,6.5,52.5,37.4,1119.25,5.15
2014,Murcia,27239109.0,1464.0,7.44,11.15,28.98,8876.0,,,,,,36.0,0.55,,18606.0,11583.0,1250949.0,12.5,3.4,19.5,117150.0,100960.0,46.4,77.5,6.1,53.5,36.0,1063.83,4.96
2015,Murcia,29168718.0,1465.7,7.74,10.91,26.59,8281.0,41.8,,,,,36.4,0.82,,19901.0,12100.0,1258933.0,12.8,4.7,17.1,119930.0,103320.0,44.7,78.1,6.6,48.9,36.4,1042.92,4.88
2016,Murcia,30009138.0,1470.9,7.38,10.57,24.62,8326.0,38.0,,,,,34.9,0.82,,20402.0,12365.0,1263592.0,9.7,4.1,14.9,126350.0,11270.0,40.1,71.8,5.9,48.0,34.9,1008.92,5.06
2017,Murcia,31192490.0,1476.3,8.42,10.24,19.78,8595.0,34.5,,,,,35.7,0.95,,21128.0,12653.0,1272008.0,8.2,3.5,16.9,133240.0,119990.0,35.5,69.7,5.6,42.0,35.7,1012.58,5.29
2018,Murcia,31715345.0,1482.5,6.63,9.92,18.03,8958.0,35.1,,,,,37.4,0.74,66.9,21393.0,13183.0,1276077.0,8.7,7.9,14.9,140410.0,12630.0,33.0,70.7,5.9,48.5,37.4,1029.33,5.74
2019,Murcia,33000651.0,1499.0,8.7,9.54,16.76,9331.0,33.4,,,,,38.1,0.87,,22015.0,13849.0,1282659.0,5.7,4.3,11.6,136370.0,122810.0,35.1,68.1,4.7,47.2,38.1,1036.17,6.07
2020,Murcia,30440306.0,1513.8,8.35,9.08,14.68,9373.0,32.7,,,,,33.7,0.66,,20108.0,13512.0,1289034.0,4.9,10.3,15.5,149210.0,130460.0,26.5,56.8,4.7,43.1,33.7,1049.67,6.38
2021,Murcia,33603543.0,1521.4,8.31,9.11,16.18,10423.0,29.8,,,,,38.1,0.92,66.4,22087.0,14302.0,1296162.0,5.9,4.1,21.3,149880.0,139940.0,28.7,56.7,5.3,43.0,38.1,1056.42,6.62
2022,Murcia,37408748.0,1540.7,8.12,8.69,14.71,10558.0,32.0,,,,,44.6,0.51,70.0,24281.0,15138.0,1305113.0,8.0,4.5,12.3,161280.0,1500.0,26.3,58.3,5.2,44.7,44.6,1079.75,7.04
2009,Navarra,18001876.0,630.1,8.67,10.86,6.83,13903.0,,18.17,1.69,13.23,81.46,,,,28569.0,17950.0,559951.0,6.8,1.3,7.6,213180.0,189220.0,7.3,39.8,4.7,20.2,,,
2010,Navarra,18089072.0,635.0,9.29,10.67,10.84,14963.0,,17.64,2.47,15.08,65.69,30.7,0.47,,28487.0,18108.0,565555.0,9.1,0.9,9.9,213930.0,199250.0,10.6,35.3,5.3,18.5,30.7,1692.75,6.57
2011,Navarra,18058363.0,638.6,6.21,10.57,11.9,15205.0,,,3.05,,,32.5,0.78,,28279.0,18195.0,570451.0,2.5,3.4,7.6,214040.0,185410.0,9.5,37.7,4.7,23.0,32.5,1735.42,7.05
2012,Navarra,17377685.0,639.3,7.97,10.53,12.99,15018.0,,,2.56,,,33.8,0.31,,27184.0,17032.0,574943.0,3.2,1.8,5.5,209180.0,186410.0,13.5,43.4,4.8,23.9,33.8,1732.5,7.26
2013,Navarra,17346722.0,637.4,7.25,9.54,16.16,14781.0,,,1.4,,,37.5,0.63,75.8,27213.0,17086.0,576585.0,4.2,2.8,3.3,201910.0,180570.0,12.6,47.3,4.5,24.0,37.5,1560.08,6.5
2014,Navarra,17642027.0,636.8,7.97,9.72,17.93,14356.0,,,,,,41.7,0.16,,27704.0,17070.0,581240.0,6.4,2.7,6.3,19550.0,181210.0,16.2,36.9,4.9,19.3,41.7,1431.83,6.32
2015,Navarra,18334417.0,637.5,7.42,9.44,15.71,13904.0,13.9,,,,,37.5,0.47,,28761.0,17663.0,584583.0,5.7,1.1,5.9,197150.0,18710.0,12.0,47.2,4.8,23.0,37.5,1414.17,6.34
2016,Navarra,18911331.0,639.8,8.14,9.24,13.83,13978.0,13.7,,,,,40.2,0.16,,29556.0,17962.0,585821.0,7.6,1.9,5.5,196970.0,183480.0,12.1,46.1,4.6,24.1,40.2,1393.42,6.58
2017,Navarra,19698794.0,643.1,7.57,8.96,12.48,14282.0,12.6,,,,,38.6,1.09,,30631.0,18344.0,588581.0,4.6,0.0,2.2,200220.0,19040.0,10.6,24.9,4.4,18.6,38.6,1385.5,6.88
2018,Navarra,20235995.0,648.8,7.36,8.35,10.24,14434.0,11.9,,,,,42.0,1.54,82.0,31190.0,18419.0,588772.0,4.3,2.0,10.3,200940.0,192610.0,10.2,39.5,4.1,21.6,42.0,1388.08,7.42
2019,Navarra,21070268.0,655.7,5.75,8.23,10.02,14363.0,11.2,,,,,44.5,0.76,,32136.0,18968.0,589995.0,4.9,2.7,6.9,206970.0,198370.0,8.0,32.2,3.9,25.3,44.5,1419.33,8.0
2020,Navarra,19160726.0,661.0,6.85,7.66,8.24,14632.0,10.2,,,,,35.7,0.15,,28987.0,18009.0,590531.0,7.1,6.6,11.4,223910.0,211740.0,10.2,32.4,4.5,20.1,35.7,1424.42,8.48
2021,Navarra,20821017.0,661.3,6.5,7.78,10.06,15970.0,11.0,,,,,40.4,0.3,78.6,31486.0,18933.0,590096.0,6.1,5.1,10.3,227860.0,209550.0,10.1,34.8,5.1,20.9,40.4,1448.67,8.87
2022,Navarra,23208786.0,668.3,8.7,7.12,10.71,16093.0,13.7,,,,,50.0,0.44,77.9,34726.0,20127.0,590642.0,8.0,6.7,10.8,235780.0,212120.0,10.9,39.5,5.4,21.5,50.0,1521.67,9.22
2009,País Vasco,63601702.0,2177.0,7.52,9.6,6.63,14539.0,,16.09,3.24,13.51,82.96,,,,29215.0,19012.0,2039310.0,5.5,2.4,3.8,221380.0,19940.0,9.8,44.8,5.2,22.2,,,
2010,País Vasco,64424609.0,2181.1,7.27,9.71,11.34,15435.0,,15.61,3.08,11.79,62.78,41.3,0.46,,29538.0,19103.0,2038970.0,8.1,3.0,4.9,214840.0,19730.0,11.7,41.6,6.1,19.1,41.3,3139.67,10.35
2011,País Vasco,63907269.0,2184.0,5.5,9.69,10.69,14906.0,,,1.99,,,41.0,0.55,,29261.0,18988.0,2039350.0,9.4,3.0,5.2,208340.0,186650.0,15.6,40.8,6.3,19.7,41.0,3202.58,11.04
2012,País Vasco,62342907.0,2180.7,7.45,9.42,12.35,14428.0,,,2.42,,,42.5,0.55,,28589.0,18094.0,2041199.0,7.9,0.8,3.9,204740.0,186830.0,15.9,39.4,6.5,18.2,42.5,3021.92,10.84
2013,País Vasco,61496663.0,2174.8,7.68,8.81,15.6,14324.0,,,1.72,,,41.7,0.6,68.7,28277.0,18200.0,2042805.0,6.4,1.4,5.5,209550.0,192520.0,13.2,50.3,5.2,24.3,41.7,2815.08,9.95
2014,País Vasco,62636949.0,2171.7,7.82,8.95,16.58,14932.0,,,,,,40.6,0.46,,28843.0,18147.0,2047669.0,7.4,1.0,5.7,209570.0,194690.0,13.5,51.0,5.2,20.1,40.6,2651.0,9.78
2015,País Vasco,65073341.0,2171.9,8.09,8.71,16.33,14925.0,15.9,,,,,39.4,0.51,,29962.0,18596.0,2051441.0,7.5,0.4,6.1,202640.0,186140.0,13.8,43.3,5.4,19.1,39.4,2543.42,9.75
2016,País Vasco,67114993.0,2176.8,7.35,8.43,14.78,14318.0,17.4,,,,,38.0,0.28,,30833.0,19039.0,2050109.0,7.1,1.6,6.5,210580.0,192750.0,12.9,38.7,5.0,17.8,38.0,2499.08,9.94
2017,País Vasco,69585295.0,2182.0,7.68,7.88,12.59,14897.0,16.0,,,,,38.4,0.23,,31891.0,19715.0,2051122.0,8.3,0.7,5.9,211980.0,192290.0,12.0,33.2,5.1,17.1,38.4,2477.33,10.48
2018,País Vasco,71915111.0,2190.2,7.63,7.41,11.31,14888.0,15.0,,,,,41.2,0.27,77.0,32835.0,20184.0,2047569.0,7.4,3.1,5.4,21760.0,195860.0,10.2,35.2,5.1,20.7,41.2,2489.75,11.07
2019,País Vasco,73999981.0,2203.0,6.82,7.08,9.97,15294.0,11.9,,,,,42.9,0.45,,33590.0,20960.0,2043968.0,6.3,2.4,8.5,22480.0,21020.0,11.9,38.8,5.3,23.6,42.9,2536.92,11.36
2020,País Vasco,66672598.0,2213.9,5.95,6.73,9.15,15910.0,14.3,,,,,34.9,0.59,,30115.0,20279.0,2040252.0,7.2,5.1,8.2,231740.0,217010.0,10.2,31.7,4.8,19.0,34.9,2597.42,11.94
2021,País Vasco,72513029.0,2204.2,7.36,6.56,9.54,16438.0,13.1,,,,,38.5,0.5,73.4,32898.0,21127.0,2030979.0,6.6,3.7,8.8,226580.0,211140.0,12.6,31.8,5.0,18.4,38.5,2660.92,12.07
2022,País Vasco,80260696.0,2211.1,6.19,6.18,10.29,16255.0,15.1,,,,,46.0,0.36,76.1,36300.0,22773.0,2023557.0,7.3,3.0,7.2,238860.0,216380.0,12.2,31.6,5.0,18.7,46.0,2720.83,12.22
2009,Rioja,7911873.0,319.8,8.97,10.41,7.9,11577.0,,18.74,2.61,15.81,80.72,,,,24741.0,15113.0,274771.0,7.5,5.9,11.7,164470.0,141320.0,16.6,55.5,5.1,28.3,,,
2010,Rioja,8008552.0,319.9,8.43,10.55,12.64,12213.0,,16.61,2.15,14.08,68.21,29.5,0.63,,25035.0,15032.0,275735.0,8.1,7.1,12.3,157690.0,147930.0,21.2,52.3,5.5,29.3,29.5,1557.5,6.39
2011,Rioja,7945371.0,321.1,5.8,9.88,14.15,11530.0,,,0.82,,,31.1,0.62,,24748.0,15180.0,276667.0,12.4,5.1,10.7,155170.0,145050.0,22.7,49.8,6.2,27.1,31.1,1562.58,5.96
2012,Rioja,7669045.0,320.1,7.24,9.96,17.21,11495.0,,,0.77,,,31.7,0.31,,23961.0,14374.0,277236.0,11.9,2.4,10.8,161020.0,145720.0,21.0,59.5,5.9,30.0,31.7,1461.0,5.95
2013,Rioja,7581142.0,317.2,9.3,9.16,20.58,12003.0,,,3.56,,,30.1,0.0,66.8,23898.0,14452.0,277623.0,14.5,0.5,11.0,153210.0,143440.0,24.0,59.4,6.8,32.8,30.1,1286.92,5.42
2014,Rioja,7738447.0,314.7,7.46,9.02,20.04,11514.0,,,,,,28.4,0.95,,24586.0,14571.0,278984.0,9.0,1.4,11.4,16090.0,146980.0,25.1,53.5,6.4,30.5,28.4,1172.17,5.08
2015,Rioja,8033065.0,313.9,9.59,8.73,18.16,11750.0,18.6,,,,,27.2,0.32,,25594.0,15122.0,280237.0,8.2,1.0,16.2,162950.0,145070.0,23.3,49.0,5.5,25.4,27.2,1139.17,5.08
2016,Rioja,8074094.0,314.0,7.23,8.51,15.39,11638.0,19.2,,,,,25.5,0.0,,25713.0,15471.0,280192.0,6.6,0.6,12.5,169330.0,153460.0,16.6,39.1,4.6,22.1,25.5,1105.42,5.15
2017,Rioja,8351707.0,314.2,8.16,8.21,13.55,12126.0,15.3,,,,,25.1,0.0,,26585.0,15914.0,280335.0,4.0,0.1,4.4,178010.0,157920.0,15.9,29.8,4.5,23.5,25.1,1103.5,5.4
2018,Rioja,8649852.0,314.9,7.62,7.45,12.0,12561.0,13.1,,,,,26.3,0.32,78.5,27470.0,16401.0,280018.0,9.4,0.0,7.9,17490.0,15410.0,19.1,37.8,5.7,30.3,26.3,1180.17,5.89
2019,Rioja,8889997.0,317.0,6.11,7.66,10.4,12589.0,17.1,,,,,27.6,0.0,,28040.0,16765.0,279568.0,5.8,2.1,4.9,186610.0,165770.0,17.5,25.4,5.0,19.0,27.6,1205.67,6.21
2020,Rioja,8186915.0,319.1,8.75,7.33,9.96,13371.0,15.0,,,,,24.5,1.57,,25654.0,16489.0,279704.0,4.6,2.6,8.2,196980.0,175890.0,16.9,27.7,4.7,24.5,24.5,1215.08,6.58
2021,Rioja,8735750.0,319.2,8.27,6.94,10.8,14303.0,18.2,,,,,28.6,0.94,74.0,27365.0,16951.0,278905.0,8.2,3.7,8.0,187580.0,17420.0,16.8,32.3,5.1,22.5,28.6,1238.25,6.83
2022,Rioja,9766689.0,320.9,6.87,6.83,11.61,13704.0,20.0,,,,,36.6,0.31,75.8,30431.0,18089.0,278137.0,6.9,5.0,7.8,198190.0,184140.0,16.6,36.0,4.8,19.6,36.6,1263.5,7.17
