año,comunidad_autonoma,poblacion,pib_total,pib_pc,ingresos_pc,renta_pc,renta_media,renta_mediana,tasa_natalidad,tasa_suicidio,tasa_homicidio,tasa_criminalidad,paro,gasto_elevado_vivienda,falta_espacio_vivienda,retrasos_pagos,riesgo_pobreza,dificultad_fin_mes,desigualdad_ing(S80/S20),inc_gastos_imprevistos,precio_venta_m2,precio_alquiler_m2
2009,Andalucía,7627743.0,145802256.0,19.11473105478252,9437.0,11869.0,143930.0,126950.0,11.48,10.87,0.94,49.3,17.73,8.6,5.7,10.6,27.7,71.8,6.0,45.7,1757.5,7.27
2010,Andalucía,7666919.0,145853901.0,19.02379573854895,9882.0,11773.0,141520.0,120860.0,11.1,9.89,0.94,49.3,25.24,7.8,4.6,12.9,28.1,73.9,6.2,52.2,1713.33,6.85
2011,Andalucía,7693947.0,144494494.0,18.78028195411276,9793.0,11797.0,13310.0,113690.0,10.72,8.84,1.02,48.7,27.77,11.2,7.5,13.8,34.5,70.5,7.3,49.6,1723.42,6.72
2012,Andalucía,7702875.0,139052618.0,18.052041348197914,9241.0,11155.0,133910.0,111170.0,10.3,8.3,0.81,47.1,30.13,8.7,6.6,15.5,35.6,71.6,6.2,51.4,1579.42,6.43
2013,Andalucía,7710575.0,137294091.0,17.80594715698894,9361.0,11100.0,127050.0,108660.0,9.71,9.78,0.78,44.6,34.35,9.2,6.4,13.4,40.1,75.4,6.6,55.5,1443.42,6.04
2014,Andalucía,7740785.0,139135225.0,17.974304285676453,8897.0,11137.0,121180.0,101520.0,9.8,10.1,0.82,42.0,36.22,11.4,7.1,15.8,45.6,78.2,7.1,58.5,1366.0,5.95
2015,Andalucía,7762838.0,146406094.0,18.859867228969613,8607.0,11688.0,118620.0,100910.0,9.6,9.7,0.78,40.2,34.78,8.8,5.6,13.8,45.4,76.89999999999999,7.0,55.1,1372.33,6.12
2016,Andalucía,7768101.0,149901897.0,19.29710967970164,8402.0,11831.0,12560.0,104590.0,9.43,8.41,0.81,39.5,31.54,9.4,6.9,13.2,43.6,78.1,7.2,52.8,1387.58,6.42
2017,Andalucía,7773545.0,156789484.0,20.16962454066967,8864.0,12177.0,137090.0,114530.0,8.89,8.13,0.58,39.9,28.89,8.2,6.6,11.2,38.1,68.69999999999999,6.9,48.3,1451.42,6.83
2018,Andalucía,7763012.0,161894301.0,20.8545730703495,9560.0,12733.0,139770.0,116250.0,8.45,8.29,0.86,39.9,25.51,7.3,6.4,15.7,38.3,68.2,6.5,50.0,1497.25,7.58
2019,Andalucía,7758685.0,166478730.0,21.457080677975714,9643.0,13199.0,137550.0,116630.0,8.21,7.71,0.97,40.2,22.99,8.0,8.5,11.3,37.3,61.0,6.1,44.3,1582.67,8.1
2020,Andalucía,7762393.0,150452909.0,19.382284432133236,9566.0,13104.0,149580.0,130970.0,7.72,7.52,0.72,34.0,21.19,6.0,8.1,19.0,29.3,53.1,5.3,43.9,1649.75,8.59
2021,Andalucía,7760491.0,166296356.0,21.428586928327086,10472.0,13801.0,147690.0,127360.0,7.72,9.28,0.65,37.1,22.28,10.1,6.9,17.0,33.6,54.8,6.8,42.4,1731.5,8.57
2022,Andalucía,7758809.0,184051418.0,23.721607014684857,10388.0,14332.0,158620.0,137750.0,7.37,9.78,0.86,44.4,21.85,9.4,7.6,16.3,29.1,54.5,6.0,44.7,1843.83,9.06
2009,Aragón,1173335.0,33814117.0,28.818808780101165,11963.0,15833.0,185610.0,171930.0,9.72,7.21,0.74,38.1,7.29,7.3,4.1,3.4,10.4,36.7,4.4,15.4,1766.33,7.34
2010,Aragón,1174009.0,34100336.0,29.046060123900244,12904.0,15704.0,177730.0,169030.0,9.63,8.05,0.74,38.1,13.05,5.4,1.9,5.5,13.1,41.8,4.2,19.8,1753.33,6.9
2011,Aragón,1175100.0,33631537.0,28.620148923495872,12527.0,15934.0,172590.0,164220.0,9.38,6.75,0.45,37.3,14.96,7.8,2.7,5.5,17.1,36.2,5.3,22.1,1750.67,6.93
2012,Aragón,1176356.0,32169749.0,27.346950242953664,12172.0,15111.0,174190.0,160650.0,8.94,6.16,0.45,34.6,17.07,7.7,1.4,4.1,17.7,54.5,5.3,26.4,1628.92,6.65
2013,Aragón,1173497.0,32323922.0,27.544954950886112,12540.0,15127.0,176180.0,161210.0,8.74,7.04,0.52,32.0,18.67,9.8,3.9,11.6,20.0,60.1,5.6,30.7,1468.08,6.13
2014,Aragón,1176154.0,32602458.0,27.719548630536476,12617.0,15032.0,176620.0,159040.0,8.73,6.99,0.38,30.5,21.39,9.1,1.8,11.1,23.2,53.9,6.0,28.9,1337.83,5.84
2015,Aragón,1177664.0,33265930.0,28.247386351285257,12663.0,15511.0,183950.0,162670.0,8.59,8.35,0.68,29.1,20.17,6.4,1.2,8.1,20.3,47.3,5.4,27.9,1294.17,5.96
2016,Aragón,1175750.0,34542128.0,29.378803317031682,12931.0,15998.0,171160.0,157510.0,8.3,9.45,0.61,29.0,16.29,5.0,1.5,8.2,22.5,43.3,5.1,26.8,1256.92,6.24
2017,Aragón,1175513.0,35983544.0,30.610928164979885,12223.0,16492.0,177560.0,158390.0,8.0,7.96,0.61,28.8,14.74,4.1,1.9,3.7,16.1,31.7,4.6,18.5,1246.33,6.56
2018,Aragón,1172036.0,37213896.0,31.751495687845765,12653.0,16896.0,176720.0,158670.0,7.58,7.1,0.68,30.7,11.65,5.2,4.7,3.9,18.2,44.5,4.3,28.9,1280.17,7.02
2019,Aragón,1169992.0,38465053.0,32.8763384706904,12425.0,17585.0,180670.0,172410.0,7.28,8.46,0.45,32.2,10.63,4.9,6.1,3.8,19.4,37.3,4.7,27.6,1305.67,7.42
2020,Aragón,1167343.0,35955571.0,30.801204958611137,12853.0,17380.0,19150.0,180420.0,6.83,7.75,0.3,27.1,10.03,5.9,4.8,5.4,16.3,28.2,4.7,26.0,1320.17,7.73
2021,Aragón,1163912.0,38782157.0,33.32052337290104,13716.0,17925.0,193810.0,181210.0,7.21,7.07,0.38,31.4,11.7,6.7,6.1,12.4,16.2,34.8,4.9,26.9,1313.08,7.87
2022,Aragón,1161553.0,43655726.0,37.5839294461811,14023.0,19066.0,203470.0,193250.0,6.73,8.11,0.74,35.9,10.33,6.9,3.1,8.8,15.0,38.9,4.4,27.2,1324.0,8.11
2009,Asturias,1038170.0,22366414.0,21.544076596318522,12412.0,14854.0,185610.0,160830.0,7.63,9.47,1.77,26.5,8.5,4.8,1.7,5.3,12.9,50.0,5.1,21.6,1760.42,8.21
2010,Asturias,1035055.0,22590616.0,21.825522315239287,13103.0,14811.0,183770.0,158410.0,7.21,9.77,1.77,26.5,13.42,3.8,1.2,3.3,11.4,44.1,4.7,19.6,1766.42,7.58
2011,Asturias,1031088.0,22261796.0,21.590587806278418,12986.0,15045.0,17080.0,156930.0,7.24,12.15,0.84,27.1,15.92,5.3,1.8,2.6,17.4,38.0,4.9,17.8,1833.33,7.15
2012,Asturias,1026533.0,21265200.0,20.715554200400767,12182.0,14318.0,169220.0,15550.0,7.12,9.87,0.56,28.2,17.84,5.7,1.7,5.1,19.1,45.900000000000006,5.2,26.5,1660.33,6.67
2013,Asturias,1019771.0,20693890.0,20.292683357341993,12134.0,14316.0,159940.0,151340.0,6.28,10.74,0.75,28.3,21.83,7.6,1.0,7.5,21.7,47.8,5.1,27.0,1564.92,6.24
2014,Asturias,1016632.0,20636251.0,20.298643953761047,11645.0,14350.0,160110.0,147240.0,6.26,12.16,0.66,27.0,24.13,7.2,0.9,8.4,26.9,52.0,6.3,24.9,1456.33,6.0
2015,Asturias,1009889.0,21388142.0,21.178705778555862,11777.0,14955.0,162270.0,14880.0,6.18,12.29,0.38,25.9,21.13,8.7,1.2,6.5,22.9,55.7,5.2,29.0,1410.17,5.99
2016,Asturias,1002290.0,21675441.0,21.625917648584743,11957.0,15091.0,172410.0,162770.0,6.12,11.1,0.58,25.2,19.11,6.5,1.4,5.3,19.8,43.4,5.1,22.7,1374.42,6.18
2017,Asturias,996076.0,22538267.0,22.627055566041147,12424.0,15673.0,175470.0,156980.0,5.84,10.87,0.49,24.9,17.62,7.4,1.7,5.8,16.6,45.9,5.5,34.5,1360.92,6.45
2018,Asturias,988160.0,23185680.0,23.463487694300518,12696.0,16168.0,173430.0,159250.0,5.6,11.29,0.68,25.8,13.71,6.8,2.8,4.5,17.4,42.3,4.8,31.6,1357.42,6.74
2019,Asturias,981174.0,23666618.0,24.12071457254269,12464.0,16773.0,178680.0,159820.0,5.05,11.05,0.69,26.7,13.61,11.4,3.8,4.8,24.4,36.8,7.8,28.1,1348.0,7.06
2020,Asturias,973463.0,21376392.0,21.959121199264892,13074.0,16705.0,180280.0,15930.0,4.7,10.67,0.49,24.0,14.19,9.7,3.3,11.7,22.5,34.0,7.3,27.6,1340.17,7.26
2021,Asturias,966347.0,23617641.0,24.440124510139732,13351.0,17413.0,179680.0,168010.0,4.74,10.12,0.1,26.1,14.12,10.5,2.9,10.0,21.4,32.6,6.0,25.9,1339.42,7.47
2022,Asturias,959056.0,26698594.0,27.83840985302214,13421.0,18614.0,193680.0,176320.0,4.72,11.04,0.6,31.9,12.35,10.4,3.8,7.6,20.1,39.4,5.7,24.0,1340.08,7.71
2009,Balears,857864.0,26770420.0,31.205902101032333,11909.0,15421.0,175480.0,153080.0,11.17,8.16,0.55,64.5,10.16,18.5,5.9,18.6,18.1,62.2,6.3,37.8,2361.08,10.65
2010,Balears,863793.0,26797013.0,31.02249381506912,12492.0,15211.0,170760.0,152660.0,11.0,10.0,0.55,64.5,17.92,20.6,4.8,13.7,22.5,61.8,6.9,36.1,2363.0,9.72
2011,Balears,870302.0,26646250.0,30.617245507881172,12189.0,15385.0,165680.0,148970.0,10.28,9.22,1.1,68.0,20.12,20.1,4.5,17.4,23.5,59.3,9.2,36.7,2394.25,8.72
2012,Balears,876869.0,26224305.0,29.906753460323035,11689.0,14640.0,163170.0,143950.0,9.96,8.54,0.45,67.7,21.86,20.9,6.5,17.7,24.1,44.4,6.9,35.9,2137.0,8.11
2013,Balears,887268.0,26227926.0,29.560319993508163,11513.0,14496.0,154270.0,135230.0,9.46,8.3,0.9,66.8,23.17,19.5,7.3,19.4,26.4,68.0,7.1,42.9,1986.5,7.58
2014,Balears,900330.0,27108615.0,30.10964313085202,10928.0,14655.0,157290.0,141150.0,9.53,10.05,1.08,62.0,22.26,21.8,10.4,21.3,26.5,60.9,8.9,37.9,1941.75,7.72
2015,Balears,911961.0,28653742.0,31.419920369401762,11317.0,15418.0,158940.0,149540.0,9.38,8.71,0.72,59.9,20.0,20.5,6.4,21.7,28.6,57.2,9.1,40.2,1958.75,8.39
2016,Balears,918324.0,30233284.0,32.92224095199516,11412.0,16074.0,178940.0,150070.0,9.29,8.54,0.8,60.7,17.31,11.5,10.5,12.6,20.8,53.3,6.1,32.7,2026.92,9.94
2017,Balears,929066.0,31746251.0,34.17007080228961,13068.0,16344.0,183120.0,1400.0,8.88,8.03,0.35,63.6,13.89,16.8,11.7,15.4,26.1,51.8,8.2,36.8,2274.67,11.97
2018,Balears,936047.0,33185968.0,35.45331377591082,13664.0,16857.0,195540.0,170390.0,8.75,8.81,0.7,64.2,12.43,9.7,7.9,10.2,17.7,62.4,5.5,33.6,2678.17,12.42
2019,Balears,944473.0,34350576.0,36.370098457023126,14103.0,17529.0,18420.0,167980.0,8.08,6.1,0.51,66.6,11.52,11.7,13.8,14.0,16.7,52.7,4.8,28.7,2989.08,12.4
2020,Balears,951508.0,26669106.0,28.028251995779332,13169.0,15616.0,187870.0,183630.0,7.78,8.06,0.59,50.7,11.74,10.4,9.7,13.1,14.6,49.0,4.6,36.6,3069.42,12.23
2021,Balears,952711.0,30512146.0,32.026654462895884,13565.0,16810.0,168670.0,157650.0,7.81,7.03,0.51,51.6,16.14,17.8,6.5,20.3,19.4,42.7,5.1,30.9,3188.75,11.49
2022,Balears,954642.0,37187160.0,38.95403722023544,11771.0,18339.0,185760.0,168780.0,7.58,7.09,0.25,63.4,14.32,11.8,9.3,20.5,17.0,49.2,4.9,36.4,3465.42,12.86
2009,Canarias,1802788.0,39505370.0,21.913486222451002,9416.0,12528.0,136120.0,116730.0,9.32,9.72,0.83,45.8,17.25,9.6,9.6,20.8,29.2,77.5,6.3,60.1,1686.58,7.91
2010,Canarias,1811140.0,39738165.0,21.94096811952693,9333.0,12576.0,139050.0,127370.0,8.92,8.6,0.83,45.8,26.01,12.4,11.6,15.1,29.7,75.2,6.7,55.5,1650.42,7.47
2011,Canarias,1819760.0,39611706.0,21.767544071745725,9608.0,12679.0,131270.0,112840.0,8.4,7.87,0.82,47.7,28.6,9.9,11.0,12.0,34.0,69.0,6.8,61.2,1620.0,7.14
2012,Canarias,1807503.0,38239602.0,21.15603791528977,8823.0,11983.0,124770.0,107520.0,8.22,6.88,0.72,46.9,29.28,12.8,13.7,10.2,38.8,78.0,7.1,62.7,1493.58,6.76
2013,Canarias,1817445.0,38066975.0,20.945324342689876,8806.0,11960.0,126880.0,117230.0,7.52,8.97,0.62,44.5,32.58,11.2,11.5,20.0,35.8,74.5,7.0,65.6,1358.67,6.38
2014,Canarias,1837677.0,38312937.0,20.848569688797323,8906.0,11915.0,125050.0,111570.0,7.74,8.97,0.57,43.0,33.73,10.6,12.1,16.8,38.4,81.0,7.7,66.9,1291.83,6.43
2015,Canarias,1847199.0,39636569.0,21.45766049028827,8578.0,12458.0,129320.0,118390.0,7.59,8.33,0.95,42.7,32.41,13.0,14.9,18.9,37.8,83.6,10.1,67.0,1318.58,6.68
2016,Canarias,1852510.0,40979670.0,22.121159939757412,8921.0,12830.0,129930.0,11010.0,7.54,8.79,1.0,42.1,29.11,11.1,14.7,16.7,43.1,76.3,8.8,61.3,1356.5,7.1
2017,Canarias,1861363.0,43035839.0,23.120605169437663,9080.0,13322.0,131610.0,116150.0,7.29,8.18,0.94,43.1,26.06,12.1,6.8,21.1,34.3,61.5,7.0,51.0,1448.08,8.02
2018,Canarias,1867494.0,44609266.0,23.887233908114297,9257.0,13519.0,135460.0,120470.0,6.75,9.04,1.17,42.4,23.46,12.5,6.2,11.9,35.7,64.0,7.0,54.7,1652.92,9.21
2019,Canarias,1876355.0,45766832.0,24.39135025088536,9134.0,13987.0,142470.0,128190.0,6.37,8.44,0.92,44.2,20.07,11.6,12.8,9.9,33.4,53.7,5.3,50.2,1817.08,9.82
2020,Canarias,1883410.0,37587399.0,19.957098560589568,9765.0,13030.0,14990.0,135880.0,5.87,8.56,0.55,38.4,20.49,13.3,14.3,23.0,30.9,66.69999999999999,6.9,63.1,1859.5,9.91
2021,Canarias,1885118.0,41407275.0,21.965349118728906,10252.0,13986.0,152940.0,137630.0,5.67,8.85,0.73,37.3,22.62,15.0,17.6,26.2,30.2,59.2,8.2,49.8,1908.08,9.88
2022,Canarias,1889212.0,48865336.0,25.865459249676586,10589.0,14702.0,159010.0,140820.0,5.56,9.75,0.58,43.4,23.46,14.8,16.2,20.0,29.5,60.7,6.3,57.2,2026.75,10.87
2009,Cantabria,551139.0,12811684.0,23.245830906540817,11736.0,14840.0,181080.0,162120.0,9.58,3.98,0.34,29.7,7.16,12.0,2.7,4.5,13.4,49.1,5.7,22.0,1916.17,9.51
2010,Cantabria,553049.0,12882755.0,23.29405712694535,12697.0,14468.0,164560.0,146310.0,9.46,5.52,0.34,29.7,12.0,9.1,1.8,3.4,19.7,59.3,5.3,39.9,1945.67,8.41
2011,Cantabria,554127.0,12680314.0,22.883407594287952,11563.0,14523.0,154470.0,133810.0,9.03,3.34,0.34,30.8,13.7,9.0,1.1,9.0,19.3,52.0,7.2,34.8,1976.25,7.45
2012,Cantabria,554548.0,12224935.0,22.044863564560686,11031.0,13673.0,152110.0,129610.0,8.57,6.02,0.17,31.0,15.29,12.0,3.8,3.2,23.4,51.8,5.3,23.1,1871.33,6.83
2013,Cantabria,553358.0,11944124.0,21.584804050903756,10932.0,13781.0,144260.0,127330.0,8.21,6.14,0.68,29.3,17.8,11.5,4.1,7.8,26.3,71.5,5.2,33.2,1705.33,6.14
2014,Cantabria,553894.0,12158496.0,21.950943682365217,10395.0,13866.0,141370.0,129720.0,7.79,5.08,0.51,29.3,20.44,8.2,0.8,8.2,29.6,65.80000000000001,4.8,31.7,1595.08,6.0
2015,Cantabria,553471.0,12443843.0,22.483279160064395,10324.0,14449.0,151590.0,138260.0,7.5,6.36,0.51,28.7,19.42,7.1,3.1,6.3,22.0,57.4,4.3,29.1,1543.08,5.99
2016,Cantabria,551755.0,12833899.0,23.260140823372694,10968.0,14982.0,154840.0,128680.0,7.3,6.3,0.0,29.2,17.65,10.1,7.1,5.9,23.4,47.7,4.8,34.8,1482.42,6.42
2017,Cantabria,550838.0,13318023.0,24.177749174893528,11133.0,15602.0,161990.0,139990.0,7.09,6.36,0.52,30.0,14.89,6.8,2.7,2.3,21.1,52.8,4.9,12.5,1474.17,6.77
2018,Cantabria,549571.0,13843935.0,25.190439451863362,11873.0,16125.0,1640.0,146030.0,6.55,4.42,0.34,30.4,13.56,9.6,1.9,7.1,21.9,64.9,5.3,31.7,1482.0,7.07
2019,Cantabria,548295.0,14274351.0,26.034071074877573,11715.0,16509.0,177420.0,159320.0,6.1,4.58,1.03,31.0,10.67,4.9,1.4,3.1,20.5,57.7,5.2,40.2,1456.25,7.32
2020,Cantabria,547009.0,12991241.0,23.749592785493473,12705.0,16086.0,185780.0,160830.0,5.85,5.92,0.17,28.4,10.28,5.7,1.4,6.8,18.1,40.6,5.3,31.5,1442.58,7.68
2021,Cantabria,548340.0,14206538.0,25.90826494510705,13205.0,16835.0,186590.0,163640.0,5.63,7.0,0.68,34.0,12.14,5.9,3.4,9.0,16.6,33.400000000000006,4.8,25.8,1452.58,8.11
2022,Cantabria,548199.0,15560453.0,28.384679651002646,13337.0,17762.0,199740.0,173070.0,5.49,7.31,0.17,40.4,11.25,6.8,2.6,5.3,14.8,42.1,4.9,23.9,1476.92,8.73
2009,Castilla - La Mancha,1855425.0,39355657.0,21.211127908700163,9530.0,12249.0,147120.0,129680.0,10.75,7.72,0.57,34.3,11.67,6.7,3.8,12.4,24.1,62.5,4.9,34.9,1274.75,5.25
2010,Castilla - La Mancha,1868819.0,39436268.0,21.10224050590239,10082.0,12373.0,15130.0,123290.0,10.52,7.69,0.57,34.3,18.88,7.4,3.5,9.2,28.1,58.900000000000006,5.8,38.9,1265.83,5.05
2011,Castilla - La Mancha,1882599.0,39056838.0,20.746233265820283,10335.0,12298.0,13720.0,112370.0,10.16,6.83,0.38,35.4,21.22,9.5,4.8,9.0,33.5,45.8,5.7,33.4,1239.92,5.12
2012,Castilla - La Mancha,1885839.0,37644363.0,19.961599585118346,9547.0,11692.0,133070.0,113720.0,9.71,6.91,0.81,35.5,23.08,13.1,6.2,8.5,37.2,63.400000000000006,6.8,48.4,1107.83,5.05
2013,Castilla - La Mancha,1880079.0,36910747.0,19.632551078970618,9231.0,11798.0,126730.0,110230.0,9.15,7.53,0.72,35.3,28.58,10.7,4.5,15.5,41.5,65.2,6.5,38.7,993.33,4.69
2014,Castilla - La Mancha,1882578.0,36136765.0,19.19536136085729,8759.0,11721.0,128240.0,110350.0,8.9,8.93,0.77,34.0,29.97,9.6,2.3,13.5,39.4,62.2,6.2,33.2,920.58,4.45
2015,Castilla - La Mancha,1881103.0,37998035.0,20.199869438302954,8938.0,12277.0,127250.0,111610.0,8.87,9.05,0.63,32.6,29.0,8.1,3.9,13.1,39.2,67.1,6.7,39.3,897.08,4.45
2016,Castilla - La Mancha,1873519.0,39136242.0,20.889162052800106,8868.0,12693.0,131060.0,114560.0,8.71,7.8,0.54,31.1,26.35,11.7,4.8,16.6,39.8,62.6,6.4,35.0,864.0,4.57
2017,Castilla - La Mancha,1870311.0,40768959.0,21.79795713119369,9085.0,13114.0,136040.0,115960.0,8.29,6.33,0.59,31.5,23.55,10.1,4.0,4.9,34.3,55.9,6.3,38.6,865.67,4.73
2018,Castilla - La Mancha,1862987.0,42290925.0,22.70060123876334,9405.0,13517.0,143050.0,126460.0,7.8,7.47,0.39,33.6,20.77,10.2,0.9,9.1,34.1,50.900000000000006,6.6,39.9,875.33,5.02
2019,Castilla - La Mancha,1860767.0,43393303.0,23.320116382115547,9837.0,14035.0,145050.0,133840.0,7.51,6.1,0.54,34.5,18.16,7.4,1.9,6.2,31.9,47.400000000000006,5.5,39.3,878.17,5.29
2020,Castilla - La Mancha,1858267.0,40254360.0,21.662312251145824,10061.0,14059.0,158020.0,144460.0,7.21,7.24,0.83,30.3,16.21,6.9,1.6,8.4,26.9,39.2,4.8,33.1,864.42,5.53
2021,Castilla - La Mancha,1859995.0,44123986.0,23.72263688880884,10797.0,14646.0,15350.0,140540.0,7.1,8.43,0.49,32.9,17.68,7.8,2.1,14.2,29.0,44.6,5.7,35.6,870.92,5.82
2022,Castilla - La Mancha,1859853.0,50022532.0,26.89596005705827,10700.0,15484.0,164040.0,14860.0,7.01,7.77,0.91,39.1,15.67,5.9,4.1,14.5,26.3,49.8,4.9,36.6,886.5,6.1
2009,Castilla Y León,2395880.0,54452146.0,22.727409553066096,10852.0,14353.0,164150.0,146580.0,8.01,7.87,0.39,33.2,9.62,5.8,3.2,7.2,18.7,55.4,5.1,24.3,1373.17,5.29
2010,Castilla Y León,2390017.0,54692531.0,22.883741412717985,11590.0,14316.0,1610.0,147360.0,8.05,8.07,0.39,33.2,13.98,5.5,3.3,9.2,19.0,54.2,5.2,31.4,1402.33,5.26
2011,Castilla Y León,2385647.0,54328993.0,22.773274084556515,11355.0,14380.0,159180.0,144770.0,7.82,7.68,0.79,33.0,15.8,4.7,2.2,7.7,21.3,49.3,4.9,25.1,1465.42,5.58
2012,Castilla Y León,2372569.0,52589720.0,22.165728372915602,11221.0,13878.0,159090.0,143540.0,7.54,6.49,0.59,33.4,16.86,6.9,0.6,6.6,20.9,48.6,5.0,28.4,1395.0,5.59
2013,Castilla Y León,2355095.0,51280425.0,21.77424902180167,11230.0,13764.0,157430.0,141620.0,7.11,7.32,0.76,31.9,19.8,7.0,1.0,3.2,24.2,57.0,5.2,25.3,1294.0,5.28
2014,Castilla Y León,2347972.0,51383670.0,21.88427715492348,11123.0,13771.0,15080.0,137910.0,7.2,7.58,0.56,31.0,21.75,9.4,2.7,4.7,29.6,55.2,6.2,29.2,1215.83,5.15
2015,Castilla Y León,2336916.0,53183396.0,22.75794080745735,10807.0,14355.0,152840.0,136350.0,7.06,8.76,0.37,30.3,20.77,8.6,1.8,5.3,25.8,52.7,5.6,26.5,1172.33,5.22
2016,Castilla Y León,2318886.0,54630532.0,23.55895546395985,10998.0,14731.0,156450.0,139870.0,6.82,7.82,0.45,29.5,18.26,5.8,2.5,5.8,26.7,47.3,5.1,24.1,1147.83,5.38
2017,Castilla Y León,2303523.0,55879293.0,24.258187567478164,11218.0,15126.0,1630.0,150080.0,6.4,7.73,0.54,29.7,15.82,5.6,1.9,2.4,22.3,39.0,4.7,23.9,1148.42,5.69
2018,Castilla Y León,2285589.0,58326859.0,25.51939959459028,11697.0,15761.0,172640.0,152830.0,6.24,7.97,0.46,31.1,14.08,4.4,0.8,3.2,20.1,43.1,4.8,23.6,1159.75,6.02
2019,Castilla Y León,2269754.0,59649198.0,26.28002770344275,12474.0,16378.0,172330.0,153490.0,5.96,7.76,0.33,31.8,12.1,3.9,1.0,3.1,17.0,35.599999999999994,4.5,23.9,1153.58,6.36
2020,Castilla Y León,2253761.0,54794589.0,24.31251095391215,12530.0,16292.0,182840.0,16640.0,5.71,7.92,0.67,27.2,11.63,4.3,1.6,6.9,15.6,34.0,4.5,24.7,1130.83,6.67
2021,Castilla Y León,2239029.0,59465900.0,26.55878954671869,13236.0,16838.0,181810.0,166880.0,5.5,8.19,0.55,31.1,12.06,6.7,2.3,10.0,19.6,35.2,5.1,24.1,1135.33,6.85
2022,Castilla Y León,2225985.0,65461058.0,29.407681543226932,13258.0,17596.0,191170.0,173370.0,5.52,8.81,0.67,36.5,11.61,6.9,2.1,10.4,17.8,39.900000000000006,4.9,27.1,1137.92,7.08
2009,Cataluña,6286141.0,200745296.0,31.93458371360108,13048.0,16813.0,189780.0,168180.0,11.44,5.84,1.3,62.2,8.89,14.0,6.6,9.0,14.6,65.5,5.8,38.6,2316.08,9.77
2010,Cataluña,6313843.0,202602183.0,32.08856840437749,13425.0,16934.0,192390.0,164810.0,11.28,5.94,1.3,62.2,16.22,13.3,6.6,12.1,14.7,62.5,6.1,32.3,2314.75,9.73
2011,Cataluña,6353766.0,199939125.0,31.467813734405706,13586.0,16837.0,18170.0,157920.0,10.83,5.69,1.01,60.6,17.66,12.0,11.1,6.5,16.5,56.3,5.6,34.4,2315.75,9.78
2012,Cataluña,6384129.0,194512765.0,30.468175846697335,12881.0,15978.0,181360.0,15870.0,10.33,6.36,0.99,60.4,19.16,13.3,8.2,13.0,19.8,64.0,6.2,42.0,2087.92,9.43
2013,Cataluña,6395178.0,193328965.0,30.230427518983834,12862.0,15997.0,178830.0,157040.0,9.62,7.16,0.58,57.9,22.51,11.0,5.8,10.6,19.4,65.1,5.7,40.0,1909.25,8.76
2014,Cataluña,6429689.0,196999531.0,30.63904506112193,12759.0,16219.0,181040.0,162790.0,9.67,7.35,0.77,57.0,23.12,12.9,7.5,10.5,20.5,67.2,6.5,41.1,1819.33,8.74
2015,Cataluña,6480037.0,206434270.0,31.8569585327985,12797.0,16904.0,182360.0,161120.0,9.53,7.11,0.57,56.0,20.33,11.6,7.8,11.9,18.5,62.3,6.1,38.0,1821.92,9.59
2016,Cataluña,6499198.0,214502547.0,33.004464089261475,12887.0,17249.0,188280.0,167570.0,9.29,6.62,0.72,54.2,18.6,11.1,5.3,9.9,16.7,63.3,5.6,37.2,1794.33,10.81
2017,Cataluña,6514468.0,223139777.0,34.252954654163624,13214.0,17529.0,189570.0,168280.0,8.97,6.75,0.87,56.3,15.72,10.7,6.8,8.3,18.6,49.6,5.7,31.9,1875.92,12.54
2018,Cataluña,6517966.0,231101287.0,35.45604364919976,13272.0,17729.0,197910.0,183020.0,8.46,6.62,0.59,62.3,13.41,9.9,5.2,8.7,16.7,52.7,5.2,28.3,2055.75,13.27
2019,Cataluña,6515790.0,240165818.0,36.859048250480754,13941.0,18458.0,200490.0,17790.0,8.09,6.75,0.76,63.8,11.49,10.3,7.3,8.1,16.1,50.8,5.6,26.1,2176.75,13.55
2020,Cataluña,6519860.0,214857435.0,32.954301932863586,14268.0,17749.0,208720.0,189430.0,7.64,6.81,0.62,45.7,11.03,10.1,11.9,14.3,17.2,45.0,6.2,33.4,2199.33,13.88
2021,Cataluña,6512697.0,234820402.0,36.05578487683367,14990.0,18688.0,209270.0,188280.0,7.52,7.05,0.74,50.5,12.63,10.4,8.3,14.2,15.4,42.5,5.5,32.9,2259.83,13.01
2022,Cataluña,6520801.0,258786739.0,39.68634206135105,14943.0,19147.0,216370.0,197340.0,7.19,7.18,0.79,60.7,11.69,10.7,9.0,14.8,14.5,48.6,5.2,34.8,2289.58,13.7
2009,Ceuta,75124.0,1484372.0,19.75895852191044,8537.0,13428.0,142610.0,115740.0,14.81,2.45,1.24,74.1,17.43,9.8,21.6,5.4,36.4,77.8,15.0,44.8,2162.17,10.95
2010,Ceuta,76584.0,1494058.0,19.50874856366865,9367.0,13004.0,153320.0,132510.0,14.79,10.79,1.24,74.1,18.55,5.0,19.4,13.6,31.3,78.0,8.3,58.7,2162.17,10.95
2011,Ceuta,77448.0,1491191.0,19.25409306889784,10696.0,12824.0,162080.0,129110.0,14.06,6.86,4.82,75.9,23.92,5.8,33.9,23.3,27.4,68.5,8.1,48.0,2162.17,10.95
2012,Ceuta,78206.0,1438908.0,18.398946372401095,10882.0,11751.0,155110.0,127790.0,13.4,1.14,0.0,83.8,27.71,9.2,32.8,24.9,32.6,81.0,10.8,66.4,2150.08,10.79
2013,Ceuta,78512.0,1454750.0,18.529014672916244,10852.0,11963.0,146860.0,107210.0,12.85,3.76,2.37,69.3,37.02,6.6,33.0,28.7,43.5,82.4,10.9,69.6,2133.92,10.19
2014,Ceuta,79427.0,1446625.0,18.2132650106387,10091.0,11898.0,137580.0,94920.0,14.2,4.54,7.1,62.8,34.84,5.2,29.0,29.2,50.4,79.0,9.2,69.2,2052.83,9.59
2015,Ceuta,79114.0,1498459.0,18.940503577116566,9493.0,12453.0,133620.0,111680.0,12.97,6.51,1.18,58.8,31.85,7.7,25.1,37.2,37.6,69.5,7.1,63.2,2046.17,9.67
2016,Ceuta,79086.0,1537398.0,19.43957211137243,9430.0,12738.0,148580.0,123580.0,12.51,4.25,4.72,54.7,27.63,9.5,24.3,21.5,39.4,64.7,6.3,63.7,2094.67,9.4
2017,Ceuta,79316.0,1553567.0,19.58705683594735,10232.0,12680.0,150750.0,122810.0,12.29,5.52,1.18,52.9,24.92,7.3,17.9,17.7,35.6,60.5,11.5,42.4,2065.83,9.65
2018,Ceuta,79302.0,1611648.0,20.32291745479307,10235.0,13245.0,149910.0,103390.0,11.44,3.35,1.17,55.4,22.45,7.8,20.8,27.0,46.3,64.0,10.3,64.6,2103.17,9.72
2019,Ceuta,78985.0,1659979.0,21.01638285750459,10637.0,13958.0,160590.0,120580.0,9.96,1.11,4.72,56.0,29.01,12.4,21.2,14.5,44.0,51.8,11.5,50.6,2095.58,8.7
2020,Ceuta,78497.0,1535718.0,19.564034294304243,10724.0,13880.0,150580.0,124550.0,10.04,4.59,2.37,43.2,25.84,12.0,17.8,28.2,36.3,42.6,10.7,55.9,2095.58,8.7
2021,Ceuta,78150.0,1634006.0,20.90858605246321,10750.0,14848.0,161590.0,123320.0,8.68,5.12,2.41,47.1,24.53,14.1,7.0,29.4,35.7,53.9,9.5,54.9,2095.58,8.7
2022,Ceuta,78207.0,1768941.0,22.618704208063217,11305.0,15590.0,188640.0,14750.0,8.77,5.55,4.82,43.9,30.85,9.5,16.9,24.1,34.8,60.3,11.0,47.0,2095.58,8.7
2009,Comunitat Valenciana,4205335.0,101989994.0,24.252525423063798,10310.0,13165.0,157030.0,140040.0,10.51,7.65,0.92,57.6,11.99,12.1,3.7,18.7,20.4,64.7,5.3,39.3,1640.5,6.52
2010,Comunitat Valenciana,4217947.0,101870024.0,24.151565678753194,11018.0,13220.0,15780.0,136450.0,10.36,7.83,0.92,57.6,20.76,9.1,3.0,16.3,22.4,63.8,6.2,40.8,1554.08,6.08
2011,Comunitat Valenciana,4236408.0,100387555.0,23.69638500352185,11077.0,13332.0,153440.0,13280.0,9.89,8.03,0.92,56.9,22.86,9.2,4.6,8.7,26.0,59.7,6.0,40.6,1504.83,5.72
2012,Comunitat Valenciana,4246254.0,95835883.0,22.56951256330874,10682.0,12519.0,148640.0,13010.0,9.52,6.56,1.02,55.6,23.99,11.5,3.9,15.0,29.7,66.5,6.7,47.4,1387.67,5.6
2013,Comunitat Valenciana,4249924.0,95110090.0,22.379244899438202,10451.0,12501.0,138810.0,12130.0,8.9,7.98,0.64,52.4,27.19,11.0,4.0,15.5,33.1,71.3,6.5,42.8,1257.75,5.28
2014,Comunitat Valenciana,4265214.0,97256083.0,22.802157875314112,9840.0,12631.0,134460.0,117170.0,8.96,7.89,0.65,50.0,28.05,9.4,2.8,19.5,36.0,77.5,5.8,47.9,1201.5,5.16
2015,Comunitat Valenciana,4280478.0,101214206.0,23.64553818522137,9556.0,13183.0,133050.0,117690.0,8.81,7.43,0.97,47.5,25.82,11.5,4.6,15.1,36.5,73.3,6.4,41.6,1201.58,5.25
2016,Comunitat Valenciana,4287589.0,104205396.0,24.303961037310245,9549.0,13460.0,135890.0,118610.0,8.52,6.79,0.61,46.6,22.78,11.1,5.6,12.8,34.8,69.3,6.0,43.8,1194.42,5.64
2017,Comunitat Valenciana,4299129.0,108666712.0,25.276448322439265,9723.0,13857.0,143650.0,130940.0,8.18,6.68,0.83,46.0,20.61,11.2,4.7,14.6,31.9,63.400000000000006,6.6,49.4,1218.5,6.06
2018,Comunitat Valenciana,4298782.0,112749574.0,26.22826047005873,10288.0,14219.0,150380.0,137480.0,7.68,7.73,0.5,46.7,18.17,9.3,4.2,7.6,30.9,58.2,5.6,39.9,1307.08,6.69
2019,Comunitat Valenciana,4300356.0,116588528.0,27.111366593835488,10761.0,14828.0,155820.0,139940.0,7.47,7.72,0.8,46.4,15.59,7.0,4.0,9.4,28.5,50.6,5.6,35.3,1375.75,7.16
2020,Comunitat Valenciana,4305222.0,106067171.0,24.636864486895217,11132.0,14535.0,165180.0,15180.0,7.1,8.55,0.73,38.2,14.11,10.6,2.9,14.4,25.7,47.8,6.6,36.8,1392.75,7.58
2021,Comunitat Valenciana,4306522.0,116386906.0,27.025731204902705,11926.0,15142.0,164740.0,152730.0,7.06,8.34,0.69,44.4,16.19,9.6,4.0,13.5,26.9,47.8,6.2,32.3,1457.83,7.56
2022,Comunitat Valenciana,4313498.0,127671811.0,29.598207997314475,11803.0,15436.0,174440.0,155250.0,6.9,7.5,0.72,51.0,16.08,7.4,3.8,12.2,22.3,48.2,5.2,34.6,1549.17,8.31
2009,Extremadura,1065187.0,18370208.0,17.24599342650633,8407.0,11096.0,138330.0,120240.0,9.4,7.19,0.27,27.3,15.35,3.9,3.0,1.8,29.7,66.7,5.6,30.1,1148.08,5.32
2010,Extremadura,1067864.0,18652452.0,17.467066967329174,9481.0,11348.0,135090.0,109430.0,9.2,6.87,0.27,27.3,20.63,4.9,1.5,9.2,35.3,66.9,5.6,46.1,1130.92,4.92
2011,Extremadura,1067648.0,18273867.0,17.116003589197938,9414.0,11341.0,131510.0,108520.0,9.01,7.39,0.91,26.7,22.97,4.6,2.8,5.2,36.6,56.9,5.5,44.5,1180.25,4.82
2012,Extremadura,1065589.0,17579526.0,16.49747322842109,9176.0,10832.0,122810.0,10490.0,8.55,6.1,1.18,26.7,25.08,7.0,3.2,7.3,38.9,61.2,6.3,47.1,1100.17,4.81
2013,Extremadura,1062327.0,17606422.0,16.573448665053228,8597.0,10956.0,121390.0,102130.0,8.09,6.63,0.64,26.7,33.08,5.4,1.5,9.2,43.4,73.9,5.7,46.9,1023.92,4.52
2014,Extremadura,1061916.0,17564650.0,16.540526745994974,8675.0,10964.0,113450.0,99050.0,8.38,6.42,0.37,25.8,33.87,7.5,3.6,7.8,46.8,72.8,5.7,41.9,980.08,4.34
2015,Extremadura,1058660.0,18494971.0,17.470170781931877,8101.0,11433.0,124210.0,103590.0,8.18,5.65,0.09,25.0,29.79,5.8,4.2,6.3,44.8,67.6,5.8,40.0,951.0,4.27
2016,Extremadura,1054071.0,19069471.0,18.0912585584842,8947.0,11857.0,127750.0,106730.0,8.12,5.12,0.65,24.3,29.09,3.6,2.6,6.1,42.2,65.4,5.4,43.4,927.0,4.38
2017,Extremadura,1048303.0,20169546.0,19.24018723594228,9078.0,12399.0,120060.0,96440.0,7.92,7.1,0.74,24.6,27.52,5.8,2.8,11.3,46.8,61.900000000000006,5.9,50.8,921.75,4.62
2018,Extremadura,1041216.0,20713254.0,19.893330490503413,8683.0,12647.0,123760.0,102650.0,7.33,6.6,0.37,25.1,26.22,5.2,1.6,9.9,45.7,66.6,4.8,44.4,912.42,4.74
2019,Extremadura,1035087.0,21166132.0,20.44865021007896,8917.0,13151.0,128160.0,108820.0,7.2,6.15,0.47,25.9,23.64,6.4,1.6,10.1,39.6,57.8,4.8,44.7,903.08,5.0
2020,Extremadura,1029320.0,19497343.0,18.94196459798702,9150.0,13246.0,132970.0,120060.0,6.97,7.05,0.85,23.6,21.53,3.7,4.1,13.7,33.9,55.3,4.5,46.8,902.33,5.12
2021,Extremadura,1024615.0,21551517.0,21.03377073339742,9575.0,13931.0,139080.0,120960.0,6.87,8.16,0.38,25.8,21.8,5.6,2.3,11.8,33.4,49.2,5.1,39.3,930.42,5.38
2022,Extremadura,1019638.0,23479961.0,23.027742198701894,9865.0,14416.0,148430.0,127540.0,6.46,7.02,0.28,30.4,20.16,4.4,1.8,12.4,30.2,55.7,4.6,42.3,936.5,5.63
2009,Galicia,2689452.0,56253055.0,20.91617734765298,9764.0,13511.0,151130.0,136070.0,8.14,9.95,0.61,28.0,8.64,4.5,1.9,6.7,19.2,60.400000000000006,4.6,33.6,1543.83,7.56
2010,Galicia,2687983.0,56787248.0,21.12634194487093,10307.0,13375.0,157640.0,139350.0,7.95,11.37,0.61,28.0,12.44,4.7,2.5,7.0,18.0,60.7,5.0,36.8,1588.33,6.78
2011,Galicia,2684954.0,55816965.0,20.788797498951563,10825.0,13485.0,15450.0,137910.0,7.79,9.16,0.51,29.5,15.32,5.8,3.6,5.6,19.2,62.0,5.0,30.0,1728.83,6.34
2012,Galicia,2669315.0,54021344.0,20.237905230368092,10746.0,12897.0,153330.0,135150.0,7.63,10.02,0.58,30.1,17.26,6.7,0.7,7.6,23.6,63.0,5.4,35.2,1658.75,6.15
2013,Galicia,2655978.0,54038718.0,20.34607139065158,10598.0,12918.0,150370.0,131050.0,7.17,10.97,0.55,29.5,20.53,7.0,1.3,5.9,24.5,72.30000000000001,4.8,36.6,1522.42,5.64
2014,Galicia,2650450.0,54411393.0,20.529115055933897,10464.0,13111.0,152730.0,13330.0,7.17,11.07,0.73,28.6,22.04,4.5,1.4,7.4,26.7,65.9,5.0,36.5,1450.67,5.56
2015,Galicia,2641706.0,57010602.0,21.580979109711677,10525.0,13591.0,151330.0,134590.0,7.13,12.19,0.7,28.1,21.65,6.4,2.1,7.8,27.0,56.7,5.5,27.4,1401.33,5.48
2016,Galicia,2630559.0,58564023.0,22.262957417035693,10484.0,13984.0,154280.0,13250.0,7.03,10.47,0.44,27.4,19.31,6.6,0.9,6.4,26.1,56.0,5.5,28.9,1382.92,5.46
2017,Galicia,2621150.0,60630852.0,23.131393472330846,10789.0,14438.0,15880.0,147560.0,6.82,11.07,0.48,27.4,17.15,6.3,2.5,4.5,22.5,42.9,5.8,21.6,1387.0,5.61
2018,Galicia,2609185.0,62649363.0,24.0110850706255,11108.0,14876.0,167580.0,150530.0,6.14,10.61,0.3,29.1,15.67,4.6,1.5,3.9,22.6,45.5,5.4,20.3,1367.75,5.94
2019,Galicia,2598631.0,64502005.0,24.821532953312726,11438.0,15488.0,166210.0,149670.0,5.82,8.86,0.59,29.7,13.34,5.1,2.0,5.6,24.3,39.3,5.2,24.4,1341.5,6.39
2020,Galicia,2589181.0,59007178.0,22.789900744675634,11497.0,15290.0,167570.0,154110.0,5.65,9.57,0.41,27.2,11.76,5.3,1.8,8.5,22.5,36.9,5.3,28.1,1321.67,6.83
2021,Galicia,2581111.0,64387386.0,24.945609080740812,11863.0,15922.0,167850.0,154090.0,5.5,9.91,0.67,32.8,12.02,5.4,2.4,9.0,21.8,41.400000000000006,5.1,24.7,1327.58,7.1
2022,Galicia,2571724.0,71637767.0,27.855931274118063,11835.0,16877.0,180930.0,166750.0,5.38,10.93,0.26,35.2,11.54,4.8,3.2,9.4,18.1,44.0,4.5,29.3,1325.17,7.38
2009,Madrid,5323129.0,199290149.0,37.438534553643166,13089.0,18183.0,205970.0,183490.0,11.95,2.95,0.8,62.9,8.61,15.4,7.5,12.3,15.4,56.5,6.3,32.5,2600.58,11.03
2010,Madrid,5378740.0,198289849.0,36.86548318007563,14100.0,18208.0,201280.0,180640.0,11.57,2.51,0.8,62.9,13.86,13.2,8.5,12.6,14.3,56.0,5.9,36.8,2589.0,10.99
2011,Madrid,5422095.0,199623724.0,36.8167145725038,14089.0,18411.0,199840.0,171140.0,11.24,1.95,0.72,61.3,15.84,12.6,7.3,6.6,15.4,60.5,6.1,36.7,2610.58,10.98
2012,Madrid,5483506.0,196359670.0,35.80914655696556,13695.0,17348.0,199020.0,171320.0,10.8,2.17,0.75,61.3,16.33,13.4,7.4,7.6,17.3,64.1,6.5,39.7,2425.42,10.52
2013,Madrid,5535430.0,193344523.0,34.928546291796664,13636.0,17450.0,191240.0,168560.0,10.22,1.46,0.58,59.3,18.53,14.5,7.4,11.1,19.8,63.0,6.1,39.2,2253.42,9.89
2014,Madrid,5574487.0,196018105.0,35.16343387292858,13506.0,17683.0,187890.0,164980.0,10.27,5.19,0.64,57.4,19.76,14.5,6.5,10.3,21.1,63.7,6.5,37.7,2181.58,9.95
2015,Madrid,5625868.0,206231525.0,36.65772552786521,13221.0,18441.0,185930.0,16030.0,10.14,5.34,0.47,57.1,18.74,13.5,7.4,9.2,20.6,58.4,6.9,33.7,2162.67,10.39
2016,Madrid,5674369.0,214469101.0,37.796114598821475,13182.0,19064.0,187090.0,164640.0,9.79,5.06,0.51,58.1,17.06,15.6,6.2,8.7,22.4,58.5,7.2,33.6,2145.92,11.1
2017,Madrid,5711913.0,224373156.0,39.281613007761145,13319.0,19532.0,193140.0,172940.0,9.31,4.73,0.6,58.8,15.72,15.1,6.5,6.9,20.3,47.1,7.7,34.0,2175.58,12.26
2018,Madrid,5751623.0,233735808.0,40.638235155537835,13855.0,19703.0,196480.0,168920.0,8.74,5.16,0.55,59.4,13.34,13.5,6.0,8.7,18.5,51.9,6.3,31.8,2473.92,13.55
2019,Madrid,5781575.0,243889359.0,42.18389608367962,13863.0,20638.0,21030.0,176810.0,8.34,5.1,0.48,61.2,12.22,13.0,6.1,7.2,18.4,43.2,6.5,31.2,2720.42,14.14
2020,Madrid,5824174.0,221061932.0,37.95592851449837,14806.0,19755.0,214290.0,181540.0,7.75,5.18,0.56,46.1,10.62,10.1,11.9,11.5,16.2,42.2,5.8,30.1,2724.17,14.41
2021,Madrid,5796129.0,239837609.0,41.3789287643529,15365.0,20654.0,21990.0,192060.0,7.62,5.36,0.55,51.5,12.49,13.4,9.0,13.2,16.0,40.7,6.3,30.6,2857.17,13.52
2022,Madrid,5800367.0,267385856.0,46.098092758613376,15504.0,21261.0,233380.0,202840.0,7.49,5.01,0.66,58.9,11.69,12.2,8.5,11.9,14.8,43.3,5.7,31.3,3010.42,14.11
2009,Melilla,65863.0,1361870.0,20.677315032719434,12113.0,12476.0,17120.0,186340.0,17.09,10.48,0.0,60.1,19.99,7.4,14.9,13.1,30.0,67.5,9.9,52.2,1807.92,9.2
2010,Melilla,67161.0,1367400.0,20.36003037477107,12370.0,12165.0,182590.0,171980.0,17.55,8.2,0.0,60.1,23.49,7.2,18.6,22.8,25.8,69.30000000000001,7.6,53.2,1807.92,9.2
2011,Melilla,68443.0,1374489.0,20.082243618777667,12474.0,11997.0,182780.0,14320.0,18.15,0.97,0.0,61.6,22.78,11.8,27.1,18.8,27.2,81.4,10.7,52.0,1807.92,9.2
2012,Melilla,69538.0,1325903.0,19.067315712272425,13274.0,10898.0,190110.0,148470.0,18.34,6.61,4.84,56.1,22.39,4.2,8.0,4.3,12.0,60.3,5.4,55.5,1807.92,9.2
2013,Melilla,71068.0,1339497.0,18.848103225080205,12897.0,10895.0,178980.0,132880.0,18.04,11.11,1.19,56.0,26.92,8.2,16.4,17.8,33.3,60.2,10.1,45.9,1807.92,9.2
2014,Melilla,71807.0,1350573.0,18.808375228041836,12635.0,10914.0,180730.0,134220.0,19.33,1.25,3.55,54.7,32.52,9.9,12.8,16.4,24.9,57.4,10.1,46.3,1748.08,8.49
2015,Melilla,72640.0,1407605.0,19.377822136563875,13200.0,11374.0,159370.0,129290.0,17.83,7.09,1.17,57.4,28.39,9.2,16.1,13.5,29.8,69.3,7.4,43.3,1735.58,8.41
2016,Melilla,72706.0,1452752.0,19.981184496465215,11255.0,11642.0,173490.0,169990.0,17.19,6.03,1.17,56.5,33.96,10.0,18.9,12.5,24.6,59.8,8.2,47.1,1701.67,8.25
2017,Melilla,72765.0,1466610.0,20.155431869717585,12183.0,11722.0,164530.0,148430.0,15.82,2.45,0.0,55.2,30.75,8.8,21.4,9.9,28.3,54.4,7.1,30.6,1706.75,8.33
2018,Melilla,72883.0,1510904.0,20.73054072966261,11381.0,12141.0,1950.0,16840.0,15.83,3.53,0.0,63.7,27.59,9.2,17.9,9.3,22.4,51.900000000000006,9.1,40.3,1749.25,8.23
2019,Melilla,73221.0,1560101.0,21.30674260116633,14144.0,12703.0,180030.0,170630.0,14.64,1.23,1.16,64.7,25.76,12.8,20.7,11.1,37.0,44.7,13.9,43.7,1757.17,8.42
2020,Melilla,73713.0,1452031.0,19.69843853865668,12989.0,12706.0,182140.0,149220.0,11.41,1.34,0.0,51.6,26.95,13.2,28.7,19.8,38.2,50.5,15.0,52.3,1760.92,8.5
2021,Melilla,73650.0,1534391.0,20.833550577053632,12479.0,13835.0,182590.0,156040.0,11.17,4.96,0.0,48.0,23.62,15.4,15.8,26.2,32.2,55.6,14.1,48.5,1815.42,8.92
2022,Melilla,73495.0,1657781.0,22.556377984896933,13159.0,14720.0,198490.0,162530.0,10.49,4.7,2.34,50.8,25.4,13.2,18.6,23.1,34.5,47.5,12.4,45.3,1888.0,9.1
2009,Murcia,1210529.0,28076274.0,23.193392310304006,9751.0,12096.0,141390.0,124890.0,12.82,8.73,1.03,39.7,12.44,12.8,7.1,18.1,28.0,74.0,5.7,47.2,1443.42,6.02
2010,Murcia,1220114.0,28372216.0,23.253741863465216,9859.0,12309.0,135740.0,122430.0,12.38,7.3,1.03,39.7,20.32,11.5,4.0,20.4,29.6,78.0,5.8,51.9,1387.0,5.68
2011,Murcia,1229206.0,27698320.0,22.533505368506173,9451.0,12250.0,130220.0,112830.0,11.91,6.38,0.68,39.6,22.87,8.9,9.1,11.1,31.3,70.6,4.7,49.0,1374.0,5.55
2012,Murcia,1236056.0,26950848.0,21.803905324677846,8933.0,11628.0,128910.0,116430.0,11.42,8.76,0.68,39.3,24.99,11.7,5.9,14.1,30.5,78.3,5.1,57.1,1243.25,5.53
2013,Murcia,1241027.0,27046880.0,21.793949688443522,9094.0,11671.0,124870.0,111480.0,11.02,7.62,0.34,37.4,27.61,10.0,6.3,24.5,36.5,78.7,6.5,52.5,1119.25,5.15
2014,Murcia,1250949.0,27239109.0,21.774755805392545,8876.0,11583.0,117150.0,100960.0,11.15,7.44,0.55,36.0,28.98,12.5,3.4,19.5,46.4,77.5,6.1,53.5,1063.83,4.96
2015,Murcia,1258933.0,29168718.0,23.169396623966485,8281.0,12100.0,119930.0,103320.0,10.91,7.74,0.82,36.4,26.59,12.8,4.7,17.1,44.7,78.1,6.6,48.9,1042.92,4.88
2016,Murcia,1263592.0,30009138.0,23.74907248542251,8326.0,12365.0,126350.0,11270.0,10.57,7.38,0.82,34.9,24.62,9.7,4.1,14.9,40.1,71.8,5.9,48.0,1008.92,5.06
2017,Murcia,1272008.0,31192490.0,24.52224357079515,8595.0,12653.0,133240.0,119990.0,10.24,8.42,0.95,35.7,19.78,8.2,3.5,16.9,35.5,69.7,5.6,42.0,1012.58,5.29
2018,Murcia,1276077.0,31715345.0,24.853786252710456,8958.0,13183.0,140410.0,12630.0,9.92,6.63,0.74,37.4,18.03,8.7,7.9,14.9,33.0,70.7,5.9,48.5,1029.33,5.74
2019,Murcia,1282659.0,33000651.0,25.72831204552418,9331.0,13849.0,136370.0,122810.0,9.54,8.7,0.87,38.1,16.76,5.7,4.3,11.6,35.1,68.1,4.7,47.2,1036.17,6.07
2020,Murcia,1289034.0,30440306.0,23.61482009008296,9373.0,13512.0,149210.0,130460.0,9.08,8.35,0.66,33.7,14.68,4.9,10.3,15.5,26.5,56.8,4.7,43.1,1049.67,6.38
2021,Murcia,1296162.0,33603543.0,25.925419044841618,10423.0,14302.0,149880.0,139940.0,9.11,8.31,0.92,38.1,16.18,5.9,4.1,21.3,28.7,56.7,5.3,43.0,1056.42,6.62
2022,Murcia,1305113.0,37408748.0,28.66322532991396,10558.0,15138.0,161280.0,1500.0,8.69,8.12,0.51,44.6,14.71,8.0,4.5,12.3,26.3,58.3,5.2,44.7,1079.75,7.04
2009,Navarra,559951.0,18001876.0,32.14902018212308,13903.0,17950.0,213180.0,189220.0,10.86,8.67,0.47,30.7,6.83,6.8,1.3,7.6,7.3,39.8,4.7,20.2,1692.75,6.57
2010,Navarra,565555.0,18089072.0,31.984638098858643,14963.0,18108.0,213930.0,199250.0,10.67,9.29,0.47,30.7,10.84,9.1,0.9,9.9,10.6,35.3,5.3,18.5,1692.75,6.57
2011,Navarra,570451.0,18058363.0,31.656291250256377,15205.0,18195.0,214040.0,185410.0,10.57,6.21,0.78,32.5,11.9,2.5,3.4,7.6,9.5,37.7,4.7,23.0,1735.42,7.05
2012,Navarra,574943.0,17377685.0,30.225057092616137,15018.0,17032.0,209180.0,186410.0,10.53,7.97,0.31,33.8,12.99,3.2,1.8,5.5,13.5,43.4,4.8,23.9,1732.5,7.26
2013,Navarra,576585.0,17346722.0,30.08528144159144,14781.0,17086.0,201910.0,180570.0,9.54,7.25,0.63,37.5,16.16,4.2,2.8,3.3,12.6,47.3,4.5,24.0,1560.08,6.5
2014,Navarra,581240.0,17642027.0,30.35239660037162,14356.0,17070.0,19550.0,181210.0,9.72,7.97,0.16,41.7,17.93,6.4,2.7,6.3,16.2,36.9,4.9,19.3,1431.83,6.32
2015,Navarra,584583.0,18334417.0,31.363240121590945,13904.0,17663.0,197150.0,18710.0,9.44,7.42,0.47,37.5,15.71,5.7,1.1,5.9,12.0,47.2,4.8,23.0,1414.17,6.34
2016,Navarra,585821.0,18911331.0,32.2817567140816,13978.0,17962.0,196970.0,183480.0,9.24,8.14,0.16,40.2,13.83,7.6,1.9,5.5,12.1,46.1,4.6,24.1,1393.42,6.58
2017,Navarra,588581.0,19698794.0,33.46828049155511,14282.0,18344.0,200220.0,19040.0,8.96,7.57,1.09,38.6,12.48,4.6,0.0,2.2,10.6,24.9,4.4,18.6,1385.5,6.88
2018,Navarra,588772.0,20235995.0,34.369832464859066,14434.0,18419.0,200940.0,192610.0,8.35,7.36,1.54,42.0,10.24,4.3,2.0,10.3,10.2,39.5,4.1,21.6,1388.08,7.42
2019,Navarra,589995.0,21070268.0,35.712621293400794,14363.0,18968.0,206970.0,198370.0,8.23,5.75,0.76,44.5,10.02,4.9,2.7,6.9,8.0,32.2,3.9,25.3,1419.33,8.0
2020,Navarra,590531.0,19160726.0,32.44660483530924,14632.0,18009.0,223910.0,211740.0,7.66,6.85,0.15,35.7,8.24,7.1,6.6,11.4,10.2,32.4,4.5,20.1,1424.42,8.48
2021,Navarra,590096.0,20821017.0,35.28411817738131,15970.0,18933.0,227860.0,209550.0,7.78,6.5,0.3,40.4,10.06,6.1,5.1,10.3,10.1,34.8,5.1,20.9,1448.67,8.87
2022,Navarra,590642.0,23208786.0,39.29416804087755,16093.0,20127.0,235780.0,212120.0,7.12,8.7,0.44,50.0,10.71,8.0,6.7,10.8,10.9,39.5,5.4,21.5,1521.67,9.22
2009,País Vasco,2039310.0,63601702.0,31.187853734841685,14539.0,19012.0,221380.0,19940.0,9.6,7.52,0.46,41.3,6.63,5.5,2.4,3.8,9.8,44.8,5.2,22.2,3139.67,10.35
2010,País Vasco,2038970.0,64424609.0,31.596643893730658,15435.0,19103.0,214840.0,19730.0,9.71,7.27,0.46,41.3,11.34,8.1,3.0,4.9,11.7,41.6,6.1,19.1,3139.67,10.35
2011,País Vasco,2039350.0,63907269.0,31.33707750018388,14906.0,18988.0,208340.0,186650.0,9.69,5.5,0.55,41.0,10.69,9.4,3.0,5.2,15.6,40.8,6.3,19.7,3202.58,11.04
2012,País Vasco,2041199.0,62342907.0,30.542297443806312,14428.0,18094.0,204740.0,186830.0,9.42,7.45,0.55,42.5,12.35,7.9,0.8,3.9,15.9,39.4,6.5,18.2,3021.92,10.84
2013,País Vasco,2042805.0,61496663.0,30.10402999796848,14324.0,18200.0,209550.0,192520.0,8.81,7.68,0.6,41.7,15.6,6.4,1.4,5.5,13.2,50.3,5.2,24.3,2815.08,9.95
2014,País Vasco,2047669.0,62636949.0,30.589391644841037,14932.0,18147.0,209570.0,194690.0,8.95,7.82,0.46,40.6,16.58,7.4,1.0,5.7,13.5,51.0,5.2,20.1,2651.0,9.78
2015,País Vasco,2051441.0,65073341.0,31.720795772337592,14925.0,18596.0,202640.0,186140.0,8.71,8.09,0.51,39.4,16.33,7.5,0.4,6.1,13.8,43.3,5.4,19.1,2543.42,9.75
2016,País Vasco,2050109.0,67114993.0,32.73728031046154,14318.0,19039.0,210580.0,192750.0,8.43,7.35,0.28,38.0,14.78,7.1,1.6,6.5,12.9,38.7,5.0,17.8,2499.08,9.94
2017,País Vasco,2051122.0,69585295.0,33.9254783479481,14897.0,19715.0,211980.0,192290.0,7.88,7.68,0.23,38.4,12.59,8.3,0.7,5.9,12.0,33.2,5.1,17.1,2477.33,10.48
2018,País Vasco,2047569.0,71915111.0,35.12219173077928,14888.0,20184.0,21760.0,195860.0,7.41,7.63,0.27,41.2,11.31,7.4,3.1,5.4,10.2,35.2,5.1,20.7,2489.75,11.07
2019,País Vasco,2043968.0,73999981.0,36.204080005166425,15294.0,20960.0,22480.0,21020.0,7.08,6.82,0.45,42.9,9.97,6.3,2.4,8.5,11.9,38.8,5.3,23.6,2536.92,11.36
2020,País Vasco,2040252.0,66672598.0,32.67860930904614,15910.0,20279.0,231740.0,217010.0,6.73,5.95,0.59,34.9,9.15,7.2,5.1,8.2,10.2,31.7,4.8,19.0,2597.42,11.94
2021,País Vasco,2030979.0,72513029.0,35.70348536346265,16438.0,21127.0,226580.0,211140.0,6.56,7.36,0.5,38.5,9.54,6.6,3.7,8.8,12.6,31.8,5.0,18.4,2660.92,12.07
2022,País Vasco,2023557.0,80260696.0,39.66317528984852,16255.0,22773.0,238860.0,216380.0,6.18,6.19,0.36,46.0,10.29,7.3,3.0,7.2,12.2,31.6,5.0,18.7,2720.83,12.22
2009,Rioja,274771.0,7911873.0,28.794425175873727,11577.0,15113.0,164470.0,141320.0,10.41,8.97,0.63,29.5,7.9,7.5,5.9,11.7,16.6,55.5,5.1,28.3,1557.5,6.39
2010,Rioja,275735.0,8008552.0,29.044379567338204,12213.0,15032.0,157690.0,147930.0,10.55,8.43,0.63,29.5,12.64,8.1,7.1,12.3,21.2,52.3,5.5,29.3,1557.5,6.39
2011,Rioja,276667.0,7945371.0,28.7181738335255,11530.0,15180.0,155170.0,145050.0,9.88,5.8,0.62,31.1,14.15,12.4,5.1,10.7,22.7,49.8,6.2,27.1,1562.58,5.96
2012,Rioja,277236.0,7669045.0,27.662514969195918,11495.0,14374.0,161020.0,145720.0,9.96,7.24,0.31,31.7,17.21,11.9,2.4,10.8,21.0,59.5,5.9,30.0,1461.0,5.95
2013,Rioja,277623.0,7581142.0,27.30732684251665,12003.0,14452.0,153210.0,143440.0,9.16,9.3,0.0,30.1,20.58,14.5,0.5,11.0,24.0,59.4,6.8,32.8,1286.92,5.42
2014,Rioja,278984.0,7738447.0,27.73795988300404,11514.0,14571.0,16090.0,146980.0,9.02,7.46,0.95,28.4,20.04,9.0,1.4,11.4,25.1,53.5,6.4,30.5,1172.17,5.08
2015,Rioja,280237.0,8033065.0,28.66525476650121,11750.0,15122.0,162950.0,145070.0,8.73,9.59,0.32,27.2,18.16,8.2,1.0,16.2,23.3,49.0,5.5,25.4,1139.17,5.08
2016,Rioja,280192.0,8074094.0,28.816290258108726,11638.0,15471.0,169330.0,153460.0,8.51,7.23,0.0,25.5,15.39,6.6,0.6,12.5,16.6,39.1,4.6,22.1,1105.42,5.15
2017,Rioja,280335.0,8351707.0,29.79188114220486,12126.0,15914.0,178010.0,157920.0,8.21,8.16,0.0,25.1,13.55,4.0,0.1,4.4,15.9,29.8,4.5,23.5,1103.5,5.4
2018,Rioja,280018.0,8649852.0,30.890342763679477,12561.0,16401.0,17490.0,15410.0,7.45,7.62,0.32,26.3,12.0,9.4,0.0,7.9,19.1,37.8,5.7,30.3,1180.17,5.89
2019,Rioja,279568.0,8889997.0,31.799050678189207,12589.0,16765.0,186610.0,165770.0,7.66,6.11,0.0,27.6,10.4,5.8,2.1,4.9,17.5,25.4,5.0,19.0,1205.67,6.21
2020,Rioja,279704.0,8186915.0,29.269924634613734,13371.0,16489.0,196980.0,175890.0,7.33,8.75,1.57,24.5,9.96,4.6,2.6,8.2,16.9,27.7,4.7,24.5,1215.08,6.58
2021,Rioja,278905.0,8735750.0,31.321596959538194,14303.0,16951.0,187580.0,17420.0,6.94,8.27,0.94,28.6,10.8,8.2,3.7,8.0,16.8,32.3,5.1,22.5,1238.25,6.83
2022,Rioja,278137.0,9766689.0,35.11467010861554,13704.0,18089.0,198190.0,184140.0,6.83,6.87,0.31,36.6,11.61,6.9,5.0,7.8,16.6,36.0,4.8,19.6,1263.5,7.17
