|año|com_aut|pib|pob|sui|nat|paro|ing|pobr|fum|alc|obes|fyv|crim|homi|sati
0|2000|Andalucía|86760722|7301.8||11.08||||||||||
1|2000|Aragón|20431675|1200.8||8.29||||||||||
2|2000|Asturias|14156303|1066.1||6.33||||||||||
3|2000|Balears|16505108|823.4||11.36||||||||||
4|2000|Canarias|24986123|1667.4||11.12||||||||||
5|2000|Cantabria|7985491|533.6||8.16||||||||||
6|2000|Castilla Y León|35666620|2467.7||7.26||||||||||
7|2000|Castilla - La Mancha|22364758|1746.7||9.64||||||||||
8|2000|Cataluña|122568772|6297.2||10.21||||||||||
9|2000|Comunitat Valenciana|62769305|4118.0||10.09||||||||||
10|2000|Extremadura|11111196|1059.2||9.57||||||||||
11|2000|Galicia|33439492|2699.0||7.22||||||||||
12|2000|Madrid|113369166|5353.4||10.83||||||||||
13|2000|Murcia|16088710|1176.1||12.25||||||||||
14|2000|Navarra|11309008|550.0||9.58||||||||||
15|2000|País Vasco|40734167|2083.3||8.35||||||||||
16|2000|Rioja|4931442|274.5||8.7||||||||||
17|2000|Ceuta|948660|71.0||13.97||||||||||
18|2000|Melilla|870994|65.2||16.85||||||||||
19|2001|Andalucía|93964317|7341.5|11.17|11.06||||||||||
20|2001|Aragón|21935008|1203.2|7.94|8.62||||||||||
21|2001|Asturias|15252724|1063.7|13.66|6.45||||||||||
22|2001|Balears|17867937|836.9|7.61|11.44||||||||||
23|2001|Canarias|27237439|1687.3|9.63|10.96||||||||||
24|2001|Cantabria|8636331|534.6|5.01|8.02||||||||||
25|2001|Castilla Y León|37939899|2459.0|9.34|7.16||||||||||
26|2001|Castilla - La Mancha|24300480|1756.6|8.72|9.6||||||||||
27|2001|Cataluña|132816296|6330.9|7.66|10.31||||||||||
28|2001|Comunitat Valenciana|68573071|4150.8|9.15|10.27||||||||||
29|2001|Extremadura|11906392|1058.4|7.65|9.35||||||||||
30|2001|Galicia|36029481|2696.0|10.59|7.18||||||||||
31|2001|Madrid|123638301|5405.0|4.34|11.16||||||||||
32|2001|Murcia|17524452|1191.8|11.02|12.66||||||||||
33|2001|Navarra|12052307|554.2|8.63|10.31||||||||||
34|2001|País Vasco|43515328|2082.5|8.15|8.49||||||||||
35|2001|Rioja|5273021|276.2|6.75|8.81||||||||||
36|2001|Ceuta|985771|71.4|4.35|13.72||||||||||
37|2001|Melilla|906601|66.1|5.09|17.1||||||||||
38|2002|Andalucía|101269401|7437.2|10.36|11.01||||31.84||17.47||||
39|2002|Aragón|23732938|1217.6|7.02|8.51||||29.44||12.97||||
40|2002|Asturias|16131558|1062.1|12.09|6.34||||26.81||14.89||||
41|2002|Balears|18912404|866.1|6.68|12.03||||31.78||12.77||||
42|2002|Canarias|29101803|1730.7|7.85|11.24||||34.16||14.02||||
43|2002|Cantabria|9208673|538.6|4.76|8.47||||32.78||14.38||||
44|2002|Castilla Y León|40240849|2458.0|7.97|7.36||||28.68||11.55||||
45|2002|Castilla - La Mancha|26093633|1777.8|7.7|9.63||||28.83||15.38||||
46|2002|Cataluña|141683092|6470.1|7.86|10.59||||31.4||11.14||||
47|2002|Comunitat Valenciana|73368886|4254.3|8.52|10.39||||33.95||13.85||||
48|2002|Extremadura|12696756|1058.0|6.69|9.24||||30.16||15.4||||
49|2002|Galicia|38440880|2699.5|9.47|7.16||||26.42||11.43||||
50|2002|Madrid|132944643|5561.6|4.96|11.36||||36.0||12.14||||
51|2002|Murcia|19015733|1224.4|8.65|12.65||||35.33||14.22||||
52|2002|Navarra|12847752|562.5|7.69|10.31||||30.33||7.25||||
53|2002|País Vasco|45891095|2087.4|7.09|8.69||||31.28||8.56||||
54|2002|Rioja|5566913|281.3|12.3|9.16||||29.94||7.5||||
55|2002|Ceuta|1040077|70.8|3.04|14.44||||32.07||14.1||||
56|2002|Melilla|947808|65.5|4.59|16.02||||32.07||14.1||||
57|2003|Andalucía|110093641|7544.2|10.35|11.42||||30.39||17.62||||
58|2003|Aragón|25329113|1231.4|9.33|8.93||||28.85||12.44||||
59|2003|Asturias|17036426|1062.2|11.81|6.69||||25.9||13.28||||
60|2003|Balears|19867979|898.6|7.25|11.86||||28.55||12.62||||
61|2003|Canarias|31104840|1779.5|7.86|10.83||||29.86||14.56||||
62|2003|Cantabria|9699398|544.9|5.35|8.94||||28.62||11.97||||
63|2003|Castilla Y León|42711006|2467.4|8.37|7.54||||24.84||12.04||||
64|2003|Castilla - La Mancha|28278754|1815.0|8.15|9.95||||24.12||17.1||||
65|2003|Cataluña|151640414|6639.1|7.93|11.03||||28.38||11.48||||
66|2003|Comunitat Valenciana|78234975|4381.6|7.3|10.8||||30.92||14.63||||
67|2003|Extremadura|13574328|1062.4|9.08|9.38||||28.75||18.97||||
68|2003|Galicia|41139764|2707.3|10.05|7.54||||22.97||14.37||||
69|2003|Madrid|142555275|5708.4|5.01|11.75||||28.19||9.7||||
70|2003|Murcia|20644875|1260.7|8.97|13.04||||28.6||15.67||||
71|2003|Navarra|13652158|572.5|9.68|10.8||||27.24||13.65||||
72|2003|País Vasco|48403686|2097.3|8.81|9.19||||26.69||10.41||||
73|2003|Rioja|6021536|287.7|12.37|9.98||||25.2||10.47||||
74|2003|Ceuta|1109612|71.2|6.29|14.26||||26.8||12.76||||
75|2003|Melilla|1011565|65.0|10.33|17.04||||26.8||12.76||||
76|2004|Andalucía|119026615|7649.0|11.01|11.64||||28.82||17.96|75.64|||
77|2004|Aragón|26975682|1244.5|6.77|9.21||||26.34||15.41|84.06|||
78|2004|Asturias|18115298|1062.1|10.85|6.8||||26.25||14.05|73.61|||
79|2004|Balears|21228501|924.0|8.91|11.68||||27.0||12.14|71.58|||
80|2004|Canarias|32847221|1826.8|7.96|10.51||||29.77||16.1|60.88|||
81|2004|Cantabria|10327246|551.0|6.28|9.18||||31.34||14.09|66.44|||
82|2004|Castilla Y León|45368864|2475.3|9.09|7.64||||23.52||13.66|84.07|||
83|2004|Castilla - La Mancha|30276086|1849.7|8.32|10.01||||26.97||17.19|79.94|||
84|2004|Cataluña|162519729|6782.3|7.2|11.35||||23.68||14.5|81.45|||
85|2004|Comunitat Valenciana|83792686|4496.1|8.68|10.89||||29.95||15.79|81.13|||
86|2004|Extremadura|14509199|1066.2|6.78|9.28||||24.97||17.68|80.59|||
87|2004|Galicia|44249719|2714.1|11.91|7.6||||22.41||16.87|74.64|||
88|2004|Madrid|153296904|5808.0|5.06|11.88||||26.54||12.0|76.92|||
89|2004|Murcia|22159238|1291.9|8.53|12.91||||29.82||19.35|78.0|||
90|2004|Navarra|14550257|579.8|9.3|10.85||||25.6||14.68|82.1|||
91|2004|País Vasco|51495040|2107.8|7.51|9.29||||21.53||15.64|76.45|||
92|2004|Rioja|6383746|294.3|9.47|9.99||||26.92||11.03|80.57|||
93|2004|Ceuta|1170783|71.6|6.02|14.82||||26.72||17.4|61.79|||
94|2004|Melilla|1076478|64.7|2.61|15.39||||26.72||17.4|61.79|||
95|2005|Andalucía|129255761|7803.4|10.18|11.76||||26.65||19.64|72.82|||
96|2005|Aragón|28982156|1263.8|8.28|9.2||||24.77||15.69|84.29|||
97|2005|Asturias|19638043|1062.6|11.23|7.04||||27.18||21.74|73.64|||
98|2005|Balears|22962215|954.6|7.7|11.44||||25.68||14.27|76.85|||
99|2005|Canarias|35103749|1876.4|8.9|10.73||||27.21||15.21|66.8|||
100|2005|Cantabria|11148678|558.0|4.37|9.44||||27.63||12.21|65.93|||
101|2005|Castilla Y León|48377632|2487.5|8.22|7.81||||28.44||12.68|84.66|||
102|2005|Castilla - La Mancha|33056938|1895.2|9.33|10.03||||28.95||18.38|81.37|||
103|2005|Cataluña|174583886|6944.2|7.33|11.49||||24.18||14.06|73.16|||
104|2005|Comunitat Valenciana|90325604|4625.3|8.29|10.95||||28.19||15.53|80.51|||
105|2005|Extremadura|15776610|1072.0|8.83|9.32||||26.28||21.54|74.22|||
106|2005|Galicia|47955337|2724.0|10.57|7.74||||22.24||16.85|69.81|||
107|2005|Madrid|165661958|5912.3|5.42|11.73||||25.06||13.5|79.0|||
108|2005|Murcia|24272350|1335.3|10.17|12.98||||26.68||22.22|71.69|||
109|2005|Navarra|15630219|587.9|10.08|10.46||||28.26||11.17|80.61|||
110|2005|País Vasco|55364217|2121.0|7.82|9.29||||27.24||14.06|73.07|||
111|2005|Rioja|6868905|300.6|9.39|10.11||||29.43||14.66|79.24|||
112|2005|Ceuta|1236986|72.2|6.11|14.75||||24.77||11.35|70.29|||
113|2005|Melilla|1144982|66.4|3.35|15.25||||18.8||19.84|70.29|||
114|2006|Andalucía|139373481|7923.9|10.05|12.03||||27.09||21.15|64.91|||
115|2006|Aragón|31411624|1283.0|7.64|9.57||||25.87||15.65|77.89|||
116|2006|Asturias|21339027|1063.8|10.44|7.14||||21.76||18.65|75.12|||
117|2006|Balears|24935415|987.2|7.66|11.83||||22.73||15.09|76.25|||
118|2006|Canarias|37445827|1921.8|9.04|10.75||||21.88||18.22|62.62|||
119|2006|Cantabria|11951944|564.2|5.39|9.27||||23.92||11.12|76.39|||
120|2006|Castilla Y León|51563915|2502.6|6.97|7.9||||22.81||13.84|83.43|||
121|2006|Castilla - La Mancha|35995174|1941.2|8.14|10.5||||24.52||20.59|74.64|||
122|2006|Cataluña|189253240|7076.7|6.22|11.63||||22.97||14.25|60.75|||
123|2006|Comunitat Valenciana|98090683|4736.7|8.73|11.14||||27.56||17.33|83.23|||
124|2006|Extremadura|16826962|1077.9|8.98|9.39||||24.69||21.64|62.76|||
125|2006|Galicia|51960207|2733.4|11.47|7.83||||20.28||19.18|71.53|||
126|2006|Madrid|180932461|6003.9|4.51|11.98||||20.94||14.28|76.26|||
127|2006|Murcia|26355824|1367.4|8.73|13.23||||25.01||20.32|60.04|||
128|2006|Navarra|16772179|596.6|9.17|10.98||||23.34||11.15|77.23|||
129|2006|País Vasco|59871764|2134.1|7.52|9.38||||23.31||15.26|78.14|||
130|2006|Rioja|7427020|304.9|8.67|10.07||||24.43||14.88|78.27|||
131|2006|Ceuta|1327102|73.3|4.38|14.2||||18.66||24.88|61.54|||
132|2006|Melilla|1227093|67.9|5.21|16.52||||18.99||12.78|74.6|||
133|2007|Andalucía|149010277|8052.8|10.18|11.93|12.62|||24.37|4.4|19.9|72.77|||
134|2007|Aragón|34148523|1309.4|6.09|9.82|5.52|||23.93|3.33|16.58|77.94|||
135|2007|Asturias|22873639|1068.0|10.76|7.33|9.16|||19.08|6.67|18.64|74.75|||
136|2007|Balears|26749452|1025.2|7.43|11.62|6.44|||23.03|4.26|13.23|76.33|||
137|2007|Canarias|39902031|1968.0|9.66|10.03|11.62|||22.65|2.41|19.25|62.43|||
138|2007|Cantabria|12838674|572.6|4.32|9.39|6.46|||21.4|2.66|15.08|57.46|||
139|2007|Castilla Y León|55130537|2528.4|7.17|7.94|8.11|||21.6|3.47|15.47|78.01|||
140|2007|Castilla - La Mancha|39219857|2003.3|7.63|10.42|8.84|||23.41|7.76|19.7|68.95|||
141|2007|Cataluña|202742146|7232.3|5.49|11.62|6.49|||23.65|4.05|15.02|66.21|||
142|2007|Comunitat Valenciana|104836698|4867.7|7.9|11.19|8.33|||21.96|5.75|17.27|79.24|||
143|2007|Extremadura|18136908|1085.8|6.66|9.19|13.31|||25.61|4.32|16.8|64.43|||
144|2007|Galicia|56005680|2747.1|10.29|7.92|8.35|||19.14|6.32|20.66|63.73|||
145|2007|Madrid|194151492|6152.8|3.71|12.16|6.3|||23.21|5.12|14.59|78.35|||
146|2007|Murcia|28418142|1404.9|9.84|13.24|7.88|||25.56|3.92|17.28|73.37|||
147|2007|Navarra|17870475|609.8|6.55|10.82|5.37|||23.17|6.43|11.71|77.52|||
148|2007|País Vasco|63889516|2151.1|6.69|9.57|7.16|||22.75|3.94|12.99|76.85|||
149|2007|Rioja|7961817|312.4|9.02|10.47|6.11|||21.76|3.0|14.37|75.43|||
150|2007|Ceuta|1420486|74.6|2.05|15.24|21.49|||22.83|4.54|18.22|66.23|||
151|2007|Melilla|1296125|70.1|0.0|15.87|13.59|||15.34|4.54|19.44|61.43|||
152|2008|Andalucía|152247439|8168.6|9.9|12.28|12.76|||22.67|3.88|21.0|64.18|||
153|2008|Aragón|35439689|1336.4|7.31|10.23|5.3|||24.13|1.34|15.73|80.04|||
154|2008|Asturias|23614274|1074.0|10.35|7.65|8.41|||23.78|5.32|21.68|75.54|||
155|2008|Balears|27892127|1057.4|7.62|12.02|7.16|||23.09|1.38|15.49|67.23|||
156|2008|Canarias|41156055|2010.0|8.39|10.28|10.45|||22.29|1.12|19.26|73.51|||
157|2008|Cantabria|13280853|581.2|2.69|10.13|5.96|||22.88|5.57|17.5|20.6|||
158|2008|Castilla Y León|56295496|2546.4|7.94|8.37|7.13|||22.7|4.55|13.22|81.11|||
159|2008|Castilla - La Mancha|40786424|2050.5|7.22|11.24|7.66|||24.55|5.37|20.32|86.74|||
160|2008|Cataluña|208161832|7377.1|5.35|12.1|6.47|||22.53|1.79|14.94|74.39|||
161|2008|Comunitat Valenciana|107950942|4959.6|8.3|11.51|8.74|||24.76|2.18|18.75|86.32|||
162|2008|Extremadura|18842360|1091.5|7.26|9.84|12.98|||23.9|5.65|19.28|67.49|||
163|2008|Galicia|58253982|2760.0|10.33|8.4|7.57|||17.83|2.42|18.35|57.69|||
164|2008|Madrid|201865569|6283.7|2.59|12.54|6.24|||19.0|3.67|15.87|81.8|||
165|2008|Murcia|29541076|1431.5|7.58|13.54|7.54|||23.25|4.15|16.11|52.82|||
166|2008|Navarra|18620264|622.0|10.08|11.3|4.72|||20.39|2.59|15.37|79.62|||
167|2008|País Vasco|66382420|2166.8|7.82|9.83|6.22|||19.8|5.7|13.84|78.75|||
168|2008|Rioja|8264894|318.4|6.21|11.05|5.77|||20.09|1.03|14.95|72.61|||
169|2008|Ceuta|1483989|75.8|2.64|15.37|20.99|||24.25|0.28|24.13|62.24|||
170|2008|Melilla|1357572|72.2|9.1|17.34|18.21|||19.49|1.62|19.72|62.05|||
171|2009|Andalucía|145802256|8244.5|10.87|11.48|17.73|9437.0||20.93|1.29|19.67|80.82|||
172|2009|Aragón|33814117|1344.5|7.21|9.72|7.29|11963.0||17.76|2.98|15.75|86.35|||
173|2009|Asturias|22366414|1076.4|9.47|7.63|8.5|12412.0||19.24|3.87|19.12|72.7|||
174|2009|Balears|26770420|1078.1|8.16|11.17|10.16|11909.0||20.54|1.7|16.35|21.48|||
175|2009|Canarias|39505370|2034.2|9.72|9.32|17.25|9416.0||20.69|1.55|17.5|65.47|||
176|2009|Cantabria|12811684|586.8|3.98|9.58|7.16|11736.0||18.88|0.89|13.68|59.69|||
177|2009|Castilla Y León|54452146|2547.6|7.87|8.01|9.62|10852.0||18.98|3.59|16.82|83.8|||
178|2009|Castilla - La Mancha|39355657|2075.9|7.72|10.75|11.67|9530.0||20.6|2.37|14.4|80.4|||
179|2009|Cataluña|200745296|7447.3|5.84|11.44|8.89|13048.0||20.91|1.09|14.2|77.65|||
180|2009|Comunitat Valenciana|101989994|4984.4|7.65|10.51|11.99|10310.0||19.88|2.06|16.66|80.6|||
181|2009|Extremadura|18370208|1097.1|7.19|9.4|15.35|8407.0||25.32|0.84|12.82|57.88|||
182|2009|Galicia|56253055|2769.1|9.95|8.14|8.64|9764.0||17.71|0.93|16.49|69.25|||
183|2009|Madrid|199290149|6354.1|2.95|11.95|8.61|13089.0||17.74|1.26|13.42|79.07|||
184|2009|Murcia|28076274|1448.5|8.73|12.82|12.44|9751.0||23.65|0.62|19.08|82.45|||
185|2009|Navarra|18001876|630.1|8.67|10.86|6.83|13903.0||18.17|1.69|13.23|81.46|||
186|2009|País Vasco|63601702|2177.0|7.52|9.6|6.63|14539.0||16.09|3.24|13.51|82.96|||
187|2009|Rioja|7911873|319.8|8.97|10.41|7.9|11577.0||18.74|2.61|15.81|80.72|||
188|2009|Ceuta|1484372|77.8|2.45|14.81|17.43|8537.0||20.09|2.0|13.5|59.25|||
189|2009|Melilla|1361870|74.5|10.48|17.09|19.99|12113.0||15.18|0.0|6.81|32.44|||
190|2010|Andalucía|145853901|8302.9|9.89|11.1|25.24|9882.0||18.23|1.88|16.7|49.48|49.3|0.94|
191|2010|Aragón|34100336|1343.8|8.05|9.63|13.05|12904.0||15.48|2.49|17.85|65.74|38.1|0.74|
192|2010|Asturias|22590616|1076.2|9.77|7.21|13.42|13103.0||12.46|1.73|15.67|43.26|26.5|1.77|
193|2010|Balears|26797013|1087.6|10.0|11.0|17.92|12492.0||20.92|1.59|14.54|70.84|64.5|0.55|
194|2010|Canarias|39738165|2053.1|8.6|8.92|26.01|9333.0||16.08|0.87|20.64|63.47|45.8|0.83|
195|2010|Cantabria|12882755|589.6|5.52|9.46|12.0|12697.0||9.94|1.3|11.83|54.28|29.7|0.34|
196|2010|Castilla Y León|54692531|2545.4|8.07|8.05|13.98|11590.0||19.0|2.32|15.9|77.12|||
197|2010|Castilla - La Mancha|39436268|2090.6|7.69|10.52|18.88|10082.0||19.39|0.46|19.86|68.32|34.3|0.57|
198|2010|Cataluña|202602183|7477.3|5.94|11.28|16.22|13425.0||13.8|1.41|13.77|63.94|62.2|1.3|
199|2010|Comunitat Valenciana|101870024|4988.9|7.83|10.36|20.76|11018.0||21.16|1.71|14.64|39.69|57.6|0.92|
200|2010|Extremadura|18652452|1100.4|6.87|9.2|20.63|9481.0||21.48|2.24|16.28|57.29|27.3|0.27|
201|2010|Galicia|56787248|2771.8|11.37|7.95|12.44|10307.0||14.91|1.08|17.88|60.69|28.0|0.61|
202|2010|Madrid|198289849|6384.4|2.51|11.57|13.86|14100.0||13.3|0.94|10.3|74.05|62.9|0.8|
203|2010|Murcia|28372216|1456.5|7.3|12.38|20.32|9859.0||19.68|1.67|20.12|58.54|39.7|1.03|
204|2010|Navarra|18089072|635.0|9.29|10.67|10.84|14963.0||17.64|2.47|15.08|65.69|30.7|0.47|
205|2010|País Vasco|64424609|2181.1|7.27|9.71|11.34|15435.0||15.61|3.08|11.79|62.78|41.3|0.46|
206|2010|Rioja|8008552|319.9|8.43|10.55|12.64|12213.0||16.61|2.15|14.08|68.21|29.5|0.63|
207|2010|Ceuta|1494058|80.6|10.79|14.79|18.55|9367.0||9.89|1.38|15.72|72.98|74.1|1.24|
208|2010|Melilla|1367400|77.4|8.2|17.55|23.49|12370.0||11.24|0.38|9.27|51.39|60.1|0.0|
209|2011|Andalucía|144494494|8352.8|8.84|10.72|27.77|9793.0|||2.06|||48.7|1.02|
210|2011|Aragón|33631537|1344.5|6.75|9.38|14.96|12527.0|||1.26|||37.3|0.45|
211|2011|Asturias|22261796|1075.1|12.15|7.24|15.92|12986.0|||2.72|||27.1|0.84|
212|2011|Balears|26646250|1095.5|9.22|10.28|20.12|12189.0|||1.11|||68.0|1.1|
213|2011|Canarias|39611706|2074.0|7.87|8.4|28.6|9608.0|||0.3|||47.7|0.82|
214|2011|Cantabria|12680314|591.6|3.34|9.03|13.7|11563.0|||0.21|||30.8|0.34|
215|2011|Castilla Y León|54328993|2541.4|7.68|7.82|15.8|11355.0|||4.73|||||
216|2011|Castilla - La Mancha|39056838|2103.3|6.83|10.16|21.22|10335.0|||0.68|||35.4|0.38|
217|2011|Cataluña|199939125|7504.0|5.69|10.83|17.66|13586.0|||1.59|||60.6|1.01|
218|2011|Comunitat Valenciana|100387555|5002.1|8.03|9.89|22.86|11077.0|||0.66|||56.9|0.92|
219|2011|Extremadura|18273867|1103.5|7.39|9.01|22.97|9414.0|||1.83|||26.7|0.91|
220|2011|Galicia|55816965|2771.7|9.16|7.79|15.32|10825.0|||0.59|||29.5|0.51|
221|2011|Madrid|199623724|6409.1|1.95|11.24|15.84|14089.0|||1.42|||61.3|0.72|
222|2011|Murcia|27698320|1461.1|6.38|11.91|22.87|9451.0|||0.5|||39.6|0.68|
223|2011|Navarra|18058363|638.6|6.21|10.57|11.9|15205.0|||3.05|||32.5|0.78|
224|2011|País Vasco|63907269|2184.0|5.5|9.69|10.69|14906.0|||1.99|||41.0|0.55|
225|2011|Rioja|7945371|321.1|5.8|9.88|14.15|11530.0|||0.82|||31.1|0.62|
226|2011|Ceuta|1491191|82.9|6.86|14.06|23.92|10696.0|||0.0|||75.9|4.82|
227|2011|Melilla|1374489|80.2|0.97|18.15|22.78|12474.0|||0.23|||61.6|0.0|
228|2012|Andalucía|139052618|8378.3|8.3|10.3|30.13|9241.0|||0.89|||47.1|0.81|
229|2012|Aragón|32169749|1340.0|6.16|8.94|17.07|12172.0|||1.15|||34.6|0.45|
230|2012|Asturias|21265200|1070.4|9.87|7.12|17.84|12182.0|||0.57|||28.2|0.56|
231|2012|Balears|26224305|1101.4|8.54|9.96|21.86|11689.0|||0.11|||67.7|0.45|
232|2012|Canarias|38239602|2087.6|6.88|8.22|29.28|8823.0|||0.56|||46.9|0.72|
233|2012|Cantabria|12224935|590.8|6.02|8.57|15.29|11031.0|||0.82|||31.0|0.17|
234|2012|Castilla Y León|52589720|2525.5|6.49|7.54|16.86|11221.0|||2.31|||||
235|2012|Castilla - La Mancha|37644363|2098.3|6.91|9.71|23.08|9547.0|||1.64|||35.5|0.81|
236|2012|Cataluña|194512765|7499.4|6.36|10.33|19.16|12881.0|||0.99|||60.4|0.99|
237|2012|Comunitat Valenciana|95835883|4999.1|6.56|9.52|23.99|10682.0|||2.16|||55.6|1.02|
238|2012|Extremadura|17579526|1101.9|6.1|8.55|25.08|9176.0|||1.59|||26.7|1.18|
239|2012|Galicia|54021344|2764.6|10.02|7.63|17.26|10746.0|||0.87|||30.1|0.58|
240|2012|Madrid|196359670|6424.0|2.17|10.8|16.33|13695.0|||1.4|||61.3|0.75|
241|2012|Murcia|26950848|1461.2|8.76|11.42|24.99|8933.0|||0.37|||39.3|0.68|
242|2012|Navarra|17377685|639.3|7.97|10.53|12.99|15018.0|||2.56|||33.8|0.31|
243|2012|País Vasco|62342907|2180.7|7.45|9.42|12.35|14428.0|||2.42|||42.5|0.55|
244|2012|Rioja|7669045|320.1|7.24|9.96|17.21|11495.0|||0.77|||31.7|0.31|
245|2012|Ceuta|1438908|84.2|1.14|13.4|27.71|10882.0|||0.0|||83.8|0.0|
246|2012|Melilla|1325903|82.7|6.61|18.34|22.39|13274.0|||0.28|||56.1|4.84|
247|2013|Andalucía|137294091|8381.3|9.78|9.71|34.35|9361.0|||1.31|||44.6|0.78|58.7
248|2013|Aragón|32323922|1334.0|7.04|8.74|18.67|12540.0|||1.52|||32.0|0.52|71.0
249|2013|Asturias|20693890|1062.6|10.74|6.28|21.83|12134.0|||1.7|||28.3|0.75|68.4
250|2013|Balears|26227926|1105.8|8.3|9.46|23.17|11513.0|||2.82|||66.8|0.9|72.7
251|2013|Canarias|38066975|2096.2|8.97|7.52|32.58|8806.0|||0.86|||44.5|0.62|61.8
252|2013|Cantabria|11944124|588.4|6.14|8.21|17.8|10932.0|||0.68|||29.3|0.68|63.3
253|2013|Castilla Y León|51280425|2504.7|7.32|7.11|19.8|11230.0|||2.12|||||50.1
254|2013|Castilla - La Mancha|36910747|2083.1|7.53|9.15|28.58|9231.0|||0.44|||35.3|0.72|66.7
255|2013|Cataluña|193328965|7456.3|7.16|9.62|22.51|12862.0|||1.43|||57.9|0.58|67.1
256|2013|Comunitat Valenciana|95110090|4970.0|7.98|8.9|27.19|10451.0|||0.5|||52.4|0.64|69.5
257|2013|Extremadura|17606422|1098.5|6.63|8.09|33.08|8597.0|||1.56|||26.7|0.64|59.1
258|2013|Galicia|54038718|2752.1|10.97|7.17|20.53|10598.0|||1.34|||29.5|0.55|45.3
259|2013|Madrid|193344523|6388.7|1.46|10.22|18.53|13636.0|||1.39|||59.3|0.58|67.2
260|2013|Murcia|27046880|1461.9|7.62|11.02|27.61|9094.0|||1.6|||37.4|0.34|67.3
261|2013|Navarra|17346722|637.4|7.25|9.54|16.16|14781.0|||1.4|||37.5|0.63|75.8
262|2013|País Vasco|61496663|2174.8|7.68|8.81|15.6|14324.0|||1.72|||41.7|0.6|68.7
263|2013|Rioja|7581142|317.2|9.3|9.16|20.58|12003.0|||3.56|||30.1|0.0|66.8
264|2013|Ceuta|1454750|84.4|3.76|12.85|37.02|10852.0|||0.99|||69.3|2.37|65.3
265|2013|Melilla|1339497|83.8|11.11|18.04|26.92|12897.0|||0.13|||56.0|1.19|71.3
266|2014|Andalucía|139135225|8381.4|10.1|9.8|36.22|8897.0||||||42.0|0.82|
267|2014|Aragón|32602458|1327.6|6.99|8.73|21.39|12617.0||||||30.5|0.38|
268|2014|Asturias|20636251|1053.5|12.16|6.26|24.13|11645.0||||||27.0|0.66|
269|2014|Balears|27108615|1108.6|10.05|9.53|22.26|10928.0||||||62.0|1.08|
270|2014|Canarias|38312937|2097.3|8.97|7.74|33.73|8906.0||||||43.0|0.57|
271|2014|Cantabria|12158496|586.0|5.08|7.79|20.44|10395.0||||||29.3|0.51|
272|2014|Castilla Y León|51383670|2483.0|7.58|7.2|21.75|11123.0||||||||
273|2014|Castilla - La Mancha|36136765|2067.3|8.93|8.9|29.97|8759.0||||||34.0|0.77|
274|2014|Cataluña|196999531|7419.6|7.35|9.67|23.12|12759.0||||||57.0|0.77|
275|2014|Comunitat Valenciana|97256083|4951.7|7.89|8.96|28.05|9840.0||||||50.0|0.65|
276|2014|Extremadura|17564650|1094.2|6.42|8.38|33.87|8675.0||||||25.8|0.37|
277|2014|Galicia|54411393|2737.6|11.07|7.17|22.04|10464.0||||||28.6|0.73|
278|2014|Madrid|196018105|6369.1|5.19|10.27|19.76|13506.0||||||57.4|0.64|
279|2014|Murcia|27239109|1464.0|7.44|11.15|28.98|8876.0||||||36.0|0.55|
280|2014|Navarra|17642027|636.8|7.97|9.72|17.93|14356.0||||||41.7|0.16|
281|2014|País Vasco|62636949|2171.7|7.82|8.95|16.58|14932.0||||||40.6|0.46|
282|2014|Rioja|7738447|314.7|7.46|9.02|20.04|11514.0||||||28.4|0.95|
283|2014|Ceuta|1446625|84.5|4.54|14.2|34.84|10091.0||||||62.8|7.1|
284|2014|Melilla|1350573|84.4|1.25|19.33|32.52|12635.0||||||54.7|3.55|
285|2015|Andalucía|146406094|8386.1|9.7|9.6|34.78|8607.0|42.4|||||40.2|0.78|
286|2015|Aragón|33265930|1320.9|8.35|8.59|20.17|12663.0|19.4|||||29.1|0.68|
287|2015|Asturias|21388142|1043.5|12.29|6.18|21.13|11777.0|21.5|||||25.9|0.38|
288|2015|Balears|28653742|1113.5|8.71|9.38|20.0|11317.0|22.7|||||59.9|0.72|
289|2015|Canarias|39636569|2099.3|8.33|7.59|32.41|8578.0|41.5|||||42.7|0.95|
290|2015|Cantabria|12443843|583.4|6.36|7.5|19.42|10324.0|28.2|||||28.7|0.51|
291|2015|Castilla Y León|53183396|2462.2|8.76|7.06|20.77|10807.0|25.1|||||||
292|2015|Castilla - La Mancha|37998035|2054.1|9.05|8.87|29.0|8938.0|36.1|||||32.6|0.63|
293|2015|Cataluña|206434270|7424.0|7.11|9.53|20.33|12797.0|23.5|||||56.0|0.57|
294|2015|Comunitat Valenciana|101214206|4937.2|7.43|8.81|25.82|9556.0|32.6|||||47.5|0.97|
295|2015|Extremadura|18494971|1088.4|5.65|8.18|29.79|8101.0|38.2|||||25.0|0.09|
296|2015|Galicia|57010602|2723.4|12.19|7.13|21.65|10525.0|24.1|||||28.1|0.7|
297|2015|Madrid|206231525|6389.8|5.34|10.14|18.74|13221.0|18.8|||||57.1|0.47|
298|2015|Murcia|29168718|1465.7|7.74|10.91|26.59|8281.0|41.8|||||36.4|0.82|
299|2015|Navarra|18334417|637.5|7.42|9.44|15.71|13904.0|13.9|||||37.5|0.47|
300|2015|País Vasco|65073341|2171.9|8.09|8.71|16.33|14925.0|15.9|||||39.4|0.51|
301|2015|Rioja|8033065|313.9|9.59|8.73|18.16|11750.0|18.6|||||27.2|0.32|
302|2015|Ceuta|1498459|84.4|6.51|12.97|31.85|9493.0|50.2|||||58.8|1.18|
303|2015|Melilla|1407605|85.3|7.09|17.83|28.39|13200.0|26.6|||||57.4|1.17|
304|2016|Andalucía|149901897|8390.7|8.41|9.43|31.54|8402.0|42.8|||||39.5|0.81|
305|2016|Aragón|34542128|1316.2|9.45|8.3|16.29|12931.0|16.4|||||29.0|0.61|
306|2016|Asturias|21675441|1036.5|11.1|6.12|19.11|11957.0|22.1|||||25.2|0.58|
307|2016|Balears|30233284|1123.0|8.54|9.29|17.31|11412.0|26.4|||||60.7|0.8|
308|2016|Canarias|40979670|2106.9|8.79|7.54|29.11|8921.0|38.0|||||42.1|1.0|
309|2016|Cantabria|12833899|581.4|6.3|7.3|17.65|10968.0|19.7|||||29.2|0.0|
310|2016|Castilla Y León|54630532|2442.3|7.82|6.82|18.26|10998.0|22.3|||||||
311|2016|Castilla - La Mancha|39136242|2043.8|7.8|8.71|26.35|8868.0|34.3|||||31.1|0.54|
312|2016|Cataluña|214502547|7452.8|6.62|9.29|18.6|12887.0|18.3|||||54.2|0.72|
313|2016|Comunitat Valenciana|104205396|4936.3|6.79|8.52|22.78|9549.0|32.7|||||46.6|0.61|
314|2016|Extremadura|19069471|1082.5|5.12|8.12|29.09|8947.0|34.7|||||24.3|0.65|
315|2016|Galicia|58564023|2712.1|10.47|7.03|19.31|10484.0|24.7|||||27.4|0.44|
316|2016|Madrid|214469101|6430.9|5.06|9.79|17.06|13182.0|20.0|||||58.1|0.51|
317|2016|Murcia|30009138|1470.9|7.38|10.57|24.62|8326.0|38.0|||||34.9|0.82|
318|2016|Navarra|18911331|639.8|8.14|9.24|13.83|13978.0|13.7|||||40.2|0.16|
319|2016|País Vasco|67114993|2176.8|7.35|8.43|14.78|14318.0|17.4|||||38.0|0.28|
320|2016|Rioja|8074094|314.0|7.23|8.51|15.39|11638.0|19.2|||||25.5|0.0|
321|2016|Ceuta|1537398|84.7|4.25|12.51|27.63|9430.0|35.0|||||54.7|4.72|
322|2016|Melilla|1452752|85.6|6.03|17.19|33.96|11255.0|27.5|||||56.5|1.17|
323|2017|Andalucía|156789484|8388.4|8.13|8.89|28.89|8864.0|42.5|||||39.9|0.58|
324|2017|Aragón|35983544|1315.3|7.96|8.0|14.74|12223.0|18.1|||||28.8|0.61|
325|2017|Asturias|22538267|1029.3|10.87|5.84|17.62|12424.0|19.5|||||24.9|0.49|
326|2017|Balears|31746251|1133.7|8.03|8.88|13.89|13068.0|19.9|||||63.6|0.35|
327|2017|Canarias|43035839|2120.4|8.18|7.29|26.06|9080.0|46.4|||||43.1|0.94|
328|2017|Cantabria|13318023|581.0|6.36|7.09|14.89|11133.0|25.3|||||30.0|0.52|
329|2017|Castilla Y León|55879293|2421.6|7.73|6.4|15.82|11218.0|21.4|||||||
330|2017|Castilla - La Mancha|40768959|2034.1|6.33|8.29|23.55|9085.0|36.6|||||31.5|0.59|
331|2017|Cataluña|223139777|7495.6|6.75|8.97|15.72|13214.0|18.7|||||56.3|0.87|
332|2017|Comunitat Valenciana|108666712|4940.3|6.68|8.18|20.61|9723.0|30.6|||||46.0|0.83|
333|2017|Extremadura|20169546|1075.1|7.1|7.92|27.52|9078.0|35.2|||||24.6|0.74|
334|2017|Galicia|60630852|2702.7|11.07|6.82|17.15|10789.0|25.3|||||27.4|0.48|
335|2017|Madrid|224373156|6486.3|4.73|9.31|15.72|13319.0|21.6|||||58.8|0.6|
336|2017|Murcia|31192490|1476.3|8.42|10.24|19.78|8595.0|34.5|||||35.7|0.95|
337|2017|Navarra|19698794|643.1|7.57|8.96|12.48|14282.0|12.6|||||38.6|1.09|
338|2017|País Vasco|69585295|2182.0|7.68|7.88|12.59|14897.0|16.0|||||38.4|0.23|
339|2017|Rioja|8351707|314.2|8.16|8.21|13.55|12126.0|15.3|||||25.1|0.0|
340|2017|Ceuta|1553567|85.1|5.52|12.29|24.92|10232.0|36.6|||||52.9|1.18|
341|2017|Melilla|1466610|86.0|2.45|15.82|30.75|12183.0|26.2|||||55.2|0.0|
342|2018|Andalucía|161894301|8392.1|8.29|8.45|25.51|9560.0|39.2|||||39.9|0.86|62.9
343|2018|Aragón|37213896|1315.9|7.1|7.58|11.65|12653.0|15.8|||||30.7|0.68|86.1
344|2018|Asturias|23185680|1023.6|11.29|5.6|13.71|12696.0|17.9|||||25.8|0.68|72.6
345|2018|Balears|33185968|1148.0|8.81|8.75|12.43|13664.0|24.0|||||64.2|0.7|89.7
346|2018|Canarias|44609266|2139.2|9.04|6.75|23.46|9257.0|39.7|||||42.4|1.17|78.9
347|2018|Cantabria|13843935|581.2|4.42|6.55|13.56|11873.0|19.9|||||30.4|0.34|77.2
348|2018|Castilla Y León|58326859|2408.6|7.97|6.24|14.08|11697.0|18.2|||||||75.5
349|2018|Castilla - La Mancha|42290925|2032.1|7.47|7.8|20.77|9405.0|33.9|||||33.6|0.39|75.5
350|2018|Cataluña|231101287|7571.0|6.62|8.46|13.41|13272.0|19.1|||||62.3|0.59|80.3
351|2018|Comunitat Valenciana|112749574|4962.0|7.73|7.68|18.17|10288.0|30.8|||||46.7|0.5|77.9
352|2018|Extremadura|20713254|1069.4|6.6|7.33|26.22|8683.0|42.8|||||25.1|0.37|83.8
353|2018|Galicia|62649363|2699.0|10.61|6.14|15.67|11108.0|22.3|||||29.1|0.3|64.4
354|2018|Madrid|233735808|6565.5|5.16|8.74|13.34|13855.0|20.3|||||59.4|0.55|77.1
355|2018|Murcia|31715345|1482.5|6.63|9.92|18.03|8958.0|35.1|||||37.4|0.74|66.9
356|2018|Navarra|20235995|648.8|7.36|8.35|10.24|14434.0|11.9|||||42.0|1.54|82.0
357|2018|País Vasco|71915111|2190.2|7.63|7.41|11.31|14888.0|15.0|||||41.2|0.27|77.0
358|2018|Rioja|8649852|314.9|7.62|7.45|12.0|12561.0|13.1|||||26.3|0.32|78.5
359|2018|Ceuta|1611648|85.2|3.35|11.44|22.45|10235.0|45.9|||||55.4|1.17|58.9
360|2018|Melilla|1510904|86.2|3.53|15.83|27.59|11381.0|27.8|||||63.7|0.0|86.1
361|2019|Andalucía|166478730|8432.1|7.71|8.21|22.99|9643.0|42.3|||||40.2|0.97|
362|2019|Aragón|38465053|1324.4|8.46|7.28|10.63|12425.0|17.6|||||32.2|0.45|
363|2019|Asturias|23666618|1019.2|11.05|5.05|13.61|12464.0|21.8|||||26.7|0.69|
364|2019|Balears|34350576|1166.1|6.1|8.08|11.52|14103.0|15.5|||||66.6|0.51|
365|2019|Canarias|45766832|2163.0|8.44|6.37|20.07|9134.0|40.0|||||44.2|0.92|
366|2019|Cantabria|14274351|582.3|4.58|6.1|10.67|11715.0|24.5|||||31.0|1.03|
367|2019|Castilla Y León|59649198|2400.5|7.76|5.96|12.1|12474.0|18.7|||||||
368|2019|Castilla - La Mancha|43393303|2040.7|6.1|7.51|18.16|9837.0|32.6|||||34.5|0.54|
369|2019|Cataluña|240165818|7673.0|6.75|8.09|11.49|13941.0|17.7|||||63.8|0.76|
370|2019|Comunitat Valenciana|116588528|5015.1|7.72|7.47|15.59|10761.0|29.5|||||46.4|0.8|
371|2019|Extremadura|21166132|1065.6|6.15|7.2|23.64|8917.0|43.3|||||25.9|0.47|
372|2019|Galicia|64502005|2698.7|8.86|5.82|13.34|11438.0|24.8|||||29.7|0.59|
373|2019|Madrid|243889359|6661.4|5.1|8.34|12.22|13863.0|20.1|||||61.2|0.48|
374|2019|Murcia|33000651|1499.0|8.7|9.54|16.76|9331.0|33.4|||||38.1|0.87|
375|2019|Navarra|21070268|655.7|5.75|8.23|10.02|14363.0|11.2|||||44.5|0.76|
376|2019|País Vasco|73999981|2203.0|6.82|7.08|9.97|15294.0|11.9|||||42.9|0.45|
377|2019|Rioja|8889997|317.0|6.11|7.66|10.4|12589.0|17.1|||||27.6|0.0|
378|2019|Ceuta|1659979|84.8|1.11|9.96|29.01|10637.0|46.1|||||56.0|4.72|
379|2019|Melilla|1560101|86.3|1.23|14.64|25.76|14144.0|21.5|||||64.7|1.16|
380|2020|Andalucía|150452909|8465.9|7.52|7.72|21.19|9566.0|39.0|||||34.0|0.72|
381|2020|Aragón|35955571|1331.5|7.75|6.83|10.03|12853.0|20.2|||||27.1|0.3|
382|2020|Asturias|21376392|1014.6|10.67|4.7|14.19|13074.0|23.7|||||24.0|0.49|
383|2020|Balears|26669106|1179.5|8.06|7.78|11.74|13169.0|14.3|||||50.7|0.59|
384|2020|Canarias|37587399|2180.4|8.56|5.87|20.49|9765.0|37.7|||||38.4|0.55|
385|2020|Cantabria|12991241|583.1|5.92|5.85|10.28|12705.0|19.6|||||28.4|0.17|
386|2020|Castilla Y León|54794589|2389.2|7.92|5.71|11.63|12530.0|16.2|||||||
387|2020|Castilla - La Mancha|40254360|2045.9|7.24|7.21|16.21|10061.0|30.4|||||30.3|0.83|
388|2020|Cataluña|214857435|7729.9|6.81|7.64|11.03|14268.0|17.3|||||45.7|0.62|
389|2020|Comunitat Valenciana|106067171|5055.7|8.55|7.1|14.11|11132.0|27.2|||||38.2|0.73|
390|2020|Extremadura|19497343|1062.5|7.05|6.97|21.53|9150.0|36.3|||||23.6|0.85|
391|2020|Galicia|59007178|2698.8|9.57|5.65|11.76|11497.0|24.2|||||27.2|0.41|
392|2020|Madrid|221061932|6728.8|5.18|7.75|10.62|14806.0|19.1|||||46.1|0.56|
393|2020|Murcia|30440306|1513.8|8.35|9.08|14.68|9373.0|32.7|||||33.7|0.66|
394|2020|Navarra|19160726|661.0|6.85|7.66|8.24|14632.0|10.2|||||35.7|0.15|
395|2020|País Vasco|66672598|2213.9|5.95|6.73|9.15|15910.0|14.3|||||34.9|0.59|
396|2020|Rioja|8186915|319.1|8.75|7.33|9.96|13371.0|15.0|||||24.5|1.57|
397|2020|Ceuta|1535718|84.5|4.59|10.04|25.84|10724.0|49.1|||||43.2|2.37|
398|2020|Melilla|1452031|86.6|1.34|11.41|26.95|12989.0|35.9|||||51.6|0.0|
399|2021|Andalucía|166296356|8488.2|9.28|7.72|22.28|10472.0|36.3|||||37.1|0.65|68.3
400|2021|Aragón|38782157|1330.7|7.07|7.21|11.7|13716.0|18.6|||||31.4|0.38|74.8
401|2021|Asturias|23617641|1007.3|10.12|4.74|14.12|13351.0|25.8|||||26.1|0.1|68.4
402|2021|Balears|30512146|1182.3|7.03|7.81|16.14|13565.0|18.0|||||51.6|0.51|72.9
403|2021|Canarias|41407275|2176.9|8.85|5.67|22.62|10252.0|39.8|||||37.3|0.73|69.7
404|2021|Cantabria|14206538|584.6|7.0|5.63|12.14|13205.0|23.4|||||34.0|0.68|68.1
405|2021|Castilla Y León|59465900|2376.7|8.19|5.5|12.06|13236.0|18.4|||||||72.1
406|2021|Castilla - La Mancha|44123986|2050.9|8.43|7.1|17.68|10797.0|31.3|||||32.9|0.49|69.1
407|2021|Cataluña|234820402|7734.5|7.05|7.52|12.63|14990.0|21.4|||||50.5|0.74|74.4
408|2021|Comunitat Valenciana|116386906|5072.7|8.34|7.06|16.19|11926.0|28.8|||||44.4|0.69|71.9
409|2021|Extremadura|21551517|1058.4|8.16|6.87|21.8|9575.0|37.7|||||25.8|0.38|75.2
410|2021|Galicia|64387386|2691.0|9.91|5.5|12.02|11863.0|24.8|||||32.8|0.67|69.0
411|2021|Madrid|239837609|6717.7|5.36|7.62|12.49|15365.0|20.0|||||51.5|0.55|73.1
412|2021|Murcia|33603543|1521.4|8.31|9.11|16.18|10423.0|29.8|||||38.1|0.92|66.4
413|2021|Navarra|20821017|661.3|6.5|7.78|10.06|15970.0|11.0|||||40.4|0.3|78.6
414|2021|País Vasco|72513029|2204.2|7.36|6.56|9.54|16438.0|13.1|||||38.5|0.5|73.4
415|2021|Rioja|8735750|319.2|8.27|6.94|10.8|14303.0|18.2|||||28.6|0.94|74.0
416|2021|Ceuta|1634006|83.1|5.12|8.68|24.53|10750.0|35.9|||||47.1|2.41|64.0
417|2021|Melilla|1534391|85.8|4.96|11.17|23.62|12479.0|38.9|||||48.0|0.0|71.4
418|2022|Andalucía|184051418|8547.7|9.78|7.37|21.85|10388.0|38.0|||||44.4|0.86|67.3
419|2022|Aragón|43655726|1334.8|8.11|6.73|10.33|14023.0|19.4|||||35.9|0.74|74.9
420|2022|Asturias|26698594|1005.5|11.04|4.72|12.35|13421.0|25.3|||||31.9|0.6|71.8
421|2022|Balears|37187160|1198.5|7.09|7.58|14.32|11771.0|22.1|||||63.4|0.25|72.9
422|2022|Canarias|48865336|2199.3|9.75|5.56|23.46|10589.0|36.1|||||43.4|0.58|66.6
423|2022|Cantabria|15560453|586.9|7.31|5.49|11.25|13337.0|21.4|||||40.4|0.17|68.6
424|2022|Castilla Y León|65461058|2379.6|8.81|5.52|11.61|13258.0|21.9|||||||70.5
425|2022|Castilla - La Mancha|50022532|2071.2|7.77|7.01|15.67|10700.0|32.2|||||39.1|0.91|66.9
426|2022|Cataluña|258786739|7831.9|7.18|7.19|11.69|14943.0|20.9|||||60.7|0.79|71.7
427|2022|Comunitat Valenciana|127671811|5162.2|7.5|6.9|16.08|11803.0|29.2|||||51.0|0.72|71.1
428|2022|Extremadura|23479961|1055.6|7.02|6.46|20.16|9865.0|38.1|||||30.4|0.28|68.0
429|2022|Galicia|71637767|2696.1|10.93|5.38|11.54|11835.0|24.1|||||35.2|0.26|64.8
430|2022|Madrid|267385856|6807.6|5.01|7.49|11.69|15504.0|21.2|||||58.9|0.66|73.2
431|2022|Murcia|37408748|1540.7|8.12|8.69|14.71|10558.0|32.0|||||44.6|0.51|70.0
432|2022|Navarra|23208786|668.3|8.7|7.12|10.71|16093.0|13.7|||||50.0|0.44|77.9
433|2022|País Vasco|80260696|2211.1|6.19|6.18|10.29|16255.0|15.1|||||46.0|0.36|76.1
434|2022|Rioja|9766689|320.9|6.87|6.83|11.61|13704.0|20.0|||||36.6|0.31|75.8
435|2022|Ceuta|1768941|83.1|5.55|8.77|30.85|11305.0|40.5|||||43.9|4.82|68.7
436|2022|Melilla|1657781|85.2|4.7|10.49|25.4|13159.0|31.5|||||50.8|2.34|77.2
437|2023|Andalucía|199696056|8608.0|9.44|7.13|19.12|11267.0|34.6|||||48.0|0.83|70.6
438|2023|Aragón|46431013|1346.4|8.09|6.44|9.62|14792.0|17.6|||||37.8|0.67|76.4
439|2023|Asturias|28356243|1007.8|10.52|4.51|12.52|14348.0|23.5|||||33.7|0.6|71.4
440|2023|Balears|41413124|1220.8|9.02|7.16|10.62|13056.0|20.3|||||64.2|0.65|74.1
441|2023|Canarias|54170695|2225.9|9.97|5.39|17.63|11194.0|34.1|||||46.9|0.76|70.1
442|2023|Cantabria|16722660|589.6|9.03|5.05|9.57|14338.0|19.3|||||41.1|0.0|71.5
443|2023|Castilla Y León|70374556|2387.7|8.8|5.23|9.93|13869.0|21.5|||||||71.3
444|2023|Castilla - La Mancha|52978061|2094.3|8.44|6.72|14.64|11536.0|30.2|||||40.0|0.72|71.9
445|2023|Cataluña|283104060|7957.1|7.55|6.81|9.97|15443.0|19.0|||||64.1|0.89|74.0
446|2023|Comunitat Valenciana|139404217|5267.7|8.07|6.72|13.3|12430.0|26.7|||||54.6|0.65|73.6
447|2023|Extremadura|25148240|1054.5|8.33|6.46|17.32|10561.0|36.4|||||33.5|0.38|74.7
448|2023|Galicia|77293057|2702.6|10.4|5.18|11.04|12695.0|23.6|||||35.1|0.67|67.3
449|2023|Madrid|296082614|6940.6|5.73|7.25|11.22|16347.0|19.8|||||59.4|0.48|73.0
450|2023|Murcia|39416093|1560.1|8.9|8.24|13.58|11254.0|28.8|||||47.6|0.96|73.3
451|2023|Navarra|24991726|675.2|8.08|6.66|9.74|17006.0|12.0|||||52.0|0.89|80.0
452|2023|País Vasco|86574047|2222.0|7.06|6.06|8.88|17184.0|14.7|||||48.6|0.27|75.8
453|2023|Rioja|10568380|323.2|8.23|6.18|9.55|14129.0|21.3|||||37.6|0.93|73.7
454|2023|Ceuta|1876147|83.1|2.27|8.22|29.93|13207.0|39.3|||||42.7|6.03|72.7
455|2023|Melilla|1763204|85.7|1.25|8.99|25.94|14310.0|36.4|||||51.0|0.0|73.7
456|2024|Andalucía|212573759|8653.1|9.14||18.24|12389.0|35.9|||||47.3|0.95|66.7
457|2024|Aragón|49292871|1352.5|7.14||8.58|15633.0|18.8|||||39.6|0.59|72.8
458|2024|Asturias|30010316|1011.9|12.18||12.13|16028.0|23.5|||||34.0|0.69|70.7
459|2024|Balears|44591139|1238.3|6.99||10.32|14942.0|18.1|||||64.9|0.57|79.0
460|2024|Canarias|58289432|2248.4|10.05||16.08|12712.0|32.2|||||47.6|0.62|70.0
461|2024|Cantabria|17639726|592.1|6.81||8.14|14680.0|21.6|||||41.9|0.51|71.0
462|2024|Castilla Y León|74621197|2395.6|7.4||9.68|14696.0|22.0|||||||71.8
463|2024|Castilla - La Mancha|56187856|2113.3|7.14||13.21|12559.0|30.6|||||39.5|0.62|67.8
464|2024|Cataluña|301894399|8066.4|7.58||9.33|16677.0|19.7|||||63.4|0.86|71.5
465|2024|Comunitat Valenciana|148200412|5367.5|8.45||12.8|13449.0|27.7|||||52.9|1.06|73.4
466|2024|Extremadura|26586634|1053.9|6.95||17.37|11903.0|31.8|||||32.9|0.66|74.0
467|2024|Galicia|81606895|2710.7|10.16||9.72|13557.0|25.4|||||35.2|0.67|69.2
468|2024|Madrid|316241906|7066.0|5.8||9.95|17513.0|18.3|||||56.5|0.3|73.9
469|2024|Murcia|41901936|1576.9|7.49||12.78|12006.0|28.7|||||47.3|0.89|70.5
470|2024|Navarra|26605806|680.9|9.28||9.94|17748.0|14.8|||||52.7|0.59|79.1
471|2024|País Vasco|91625715|2233.9|5.82||7.73|19086.0|15.0|||||48.4|0.31|75.6
472|2024|Rioja|11225817|325.6|8.57||9.38|14803.0|21.3|||||36.7|1.84|73.2
473|2024|Ceuta|1936392|83.4|5.65||29.97|14555.0|39.8|||||42.5|0.0|70.4
474|2024|Melilla|1826316|86.4|7.19||26.62|15221.0|33.4|||||50.5|0.0|79.0
