Comunidad Autónoma,año,pib_pc,renta_pc,poblacion,gasto_elevado_vivienda(%),falta_espacio_vivienda(%),retrasos_pagos(%),renta_media,renta_mediana,riesgo_pobreza(%),dificultad_fin_mes(%),desigualdad_ing(S80/S20),inc_gastos_imprevistos(%),tasa_criminalidad
Andalucía,2008,18638,11951.0,7578941.0,7.3,6.8,7.6,138590.0,116510.0,27.3,72.1,6.0,38.2,
Aragón,2008,26519,16062.0,1172026.0,7.5,3.1,3.4,171070.0,163030.0,14.9,44.199999999999996,4.7,15.5,
Asturias,2008,21987,15480.0,1039334.0,3.7,1.9,3.5,173830.0,149640.0,13.2,46.0,4.9,20.0,
Balears,2008,26377,15910.0,849808.0,19.4,3.0,8.5,164960.0,143290.0,18.1,58.599999999999994,5.9,30.4,
Canarias,2008,20476,12875.0,1792121.0,11.0,9.3,11.0,134180.0,118150.0,30.7,80.6,5.6,49.6,
Cantabria,2008,22852,15323.0,548896.0,10.6,6.2,3.6,167270.0,153180.0,14.3,65.0,4.8,20.8,
Castilla Y León,2008,22108,14740.0,2402528.0,3.9,2.8,4.0,155330.0,13950.0,17.5,53.900000000000006,4.5,22.0,
Castilla - La Mancha,2008,19891,12374.0,1837092.0,5.6,5.9,9.7,138980.0,118570.0,26.4,67.3,5.1,24.3,
Cataluña,2008,28217,16937.0,6260288.0,13.4,7.5,8.6,185660.0,161880.0,12.3,64.3,5.2,27.0,
Comunitat Valenciana,2008,21766,13555.0,4182262.0,12.0,3.1,13.4,147960.0,128670.0,23.6,65.3,5.7,30.6,
Extremadura,2008,17263,11376.0,1062429.0,3.2,4.9,3.9,124840.0,10470.0,35.3,64.8,5.0,30.6,
Galicia,2008,21107,13817.0,2688601.0,3.7,2.7,3.4,143740.0,125050.0,20.9,61.8,4.6,24.4,
Madrid,2008,32125,17967.0,5266257.0,13.9,7.1,10.6,189410.0,166120.0,14.9,59.5,5.6,32.7,
Murcia,2008,20636,12371.0,1200484.0,7.9,7.5,8.5,141470.0,127380.0,24.5,68.6,5.1,35.2,
Navarra,2008,29937,18435.0,555332.0,8.1,2.5,7.6,199070.0,179770.0,5.9,40.6,4.2,20.3,
País Vasco,2008,30636,19600.0,2039775.0,4.2,2.9,4.8,208870.0,188520.0,9.1,42.8,4.8,17.6,
Rioja,2008,25954,15510.0,273645.0,12.0,3.3,7.3,159170.0,141610.0,16.2,55.2,4.3,22.3,
Ceuta,2008,19584,13906.0,74265.0,4.8,26.6,7.6,134580.0,110410.0,40.1,63.0,10.9,47.8,
Melilla,2008,18800,13072.0,64976.0,1.2,15.0,10.2,17420.0,178770.0,17.7,53.7,6.4,43.7,
Andalucía,2009,17685,11869.0,7627743.0,8.6,5.7,10.6,143930.0,126950.0,27.7,71.8,6.0,45.7,
Aragón,2009,25150,15833.0,1173335.0,7.3,4.1,3.4,185610.0,171930.0,10.4,36.7,4.4,15.4,
Asturias,2009,20778,14854.0,1038170.0,4.8,1.7,5.3,185610.0,160830.0,12.9,50.0,5.1,21.6,
Balears,2009,24832,15421.0,857864.0,18.5,5.9,18.6,175480.0,153080.0,18.1,62.2,6.3,37.8,
Canarias,2009,19421,12528.0,1802788.0,9.6,9.6,20.8,136120.0,116730.0,29.2,77.5,6.3,60.1,
Cantabria,2009,21834,14840.0,551139.0,12.0,2.7,4.5,181080.0,162120.0,13.4,49.1,5.7,22.0,
Castilla Y León,2009,21374,14353.0,2395880.0,5.8,3.2,7.2,164150.0,146580.0,18.7,55.4,5.1,24.3,
Castilla - La Mancha,2009,18959,12249.0,1855425.0,6.7,3.8,12.4,147120.0,129680.0,24.1,62.5,4.9,34.9,
Cataluña,2009,26956,16813.0,6286141.0,14.0,6.6,9.0,189780.0,168180.0,14.6,65.5,5.8,38.6,
Comunitat Valenciana,2009,20462,13165.0,4205335.0,12.1,3.7,18.7,157030.0,140040.0,20.4,64.7,5.3,39.3,
Extremadura,2009,16744,11096.0,1065187.0,3.9,3.0,1.8,138330.0,120240.0,29.7,66.7,5.6,30.1,
Galicia,2009,20314,13511.0,2689452.0,4.5,1.9,6.7,151130.0,136070.0,19.2,60.400000000000006,4.6,33.6,
Madrid,2009,31364,18183.0,5323129.0,15.4,7.5,12.3,205970.0,183490.0,15.4,56.5,6.3,32.5,
Murcia,2009,19383,12096.0,1210529.0,12.8,7.1,18.1,141390.0,124890.0,28.0,74.0,5.7,47.2,
Navarra,2009,28569,17950.0,559951.0,6.8,1.3,7.6,213180.0,189220.0,7.3,39.800000000000004,4.7,20.2,
País Vasco,2009,29215,19012.0,2039310.0,5.5,2.4,3.8,221380.0,19940.0,9.8,44.8,5.2,22.2,
Rioja,2009,24741,15113.0,274771.0,7.5,5.9,11.7,164470.0,141320.0,16.6,55.5,5.1,28.3,
Ceuta,2009,19077,13428.0,75124.0,9.8,21.6,5.4,142610.0,115740.0,36.4,77.8,15.0,44.8,
Melilla,2009,18284,12476.0,65863.0,7.4,14.9,13.1,17120.0,186340.0,30.0,67.5,9.9,52.2,
Andalucía,2010,17567,11773.0,7666919.0,7.8,4.6,12.9,141520.0,120860.0,28.1,73.9,6.2,52.2,49.3
Aragón,2010,25375,15704.0,1174009.0,5.4,1.9,5.5,177730.0,169030.0,13.1,41.8,4.2,19.8,38.1
Asturias,2010,20992,14811.0,1035055.0,3.8,1.2,3.3,183770.0,158410.0,11.4,44.1,4.7,19.6,26.5
Balears,2010,24638,15211.0,863793.0,20.6,4.8,13.7,170760.0,152660.0,22.5,61.8,6.9,36.1,64.5
Canarias,2010,19355,12576.0,1811140.0,12.4,11.6,15.1,139050.0,127370.0,29.7,75.2,6.7,55.5,45.8
Cantabria,2010,21850,14468.0,553049.0,9.1,1.8,3.4,164560.0,146310.0,19.7,59.3,5.3,39.9,29.7
Castilla Y León,2010,21487,14316.0,2390017.0,5.5,3.3,9.2,1610.0,147360.0,19.0,54.2,5.2,31.4,33.2
Castilla - La Mancha,2010,18864,12373.0,1868819.0,7.4,3.5,9.2,15130.0,123290.0,28.1,58.900000000000006,5.8,38.9,34.3
Cataluña,2010,27096,16934.0,6313843.0,13.3,6.6,12.1,192390.0,164810.0,14.7,62.5,6.1,32.3,62.2
Comunitat Valenciana,2010,20419,13220.0,4217947.0,9.1,3.0,16.3,15780.0,136450.0,22.4,63.8,6.2,40.8,57.6
Extremadura,2010,16950,11348.0,1067864.0,4.9,1.5,9.2,135090.0,109430.0,35.3,66.9,5.6,46.1,27.3
Galicia,2010,20488,13375.0,2687983.0,4.7,2.5,7.0,157640.0,139350.0,18.0,60.7,5.0,36.8,28.0
Madrid,2010,31059,18208.0,5378740.0,13.2,8.5,12.6,201280.0,180640.0,14.3,56.0,5.9,36.8,62.9
Murcia,2010,19479,12309.0,1220114.0,11.5,4.0,20.4,135740.0,122430.0,29.6,78.0,5.8,51.9,39.7
Navarra,2010,28487,18108.0,565555.0,9.1,0.9,9.9,213930.0,199250.0,10.6,35.3,5.3,18.5,30.7
País Vasco,2010,29538,19103.0,2038970.0,8.1,3.0,4.9,214840.0,19730.0,11.7,41.599999999999994,6.1,19.1,41.3
Rioja,2010,25035,15032.0,275735.0,8.1,7.1,12.3,157690.0,147930.0,21.2,52.3,5.5,29.3,29.5
Ceuta,2010,18532,13004.0,76584.0,5.0,19.4,13.6,153320.0,132510.0,31.3,78.0,8.3,58.7,74.1
Melilla,2010,17661,12165.0,67161.0,7.2,18.6,22.8,182590.0,171980.0,25.8,69.30000000000001,7.6,53.2,60.1
Andalucía,2011,17299,11797.0,7693947.0,11.2,7.5,13.8,13310.0,113690.0,34.5,70.5,7.3,49.6,48.7
Aragón,2011,25015,15934.0,1175100.0,7.8,2.7,5.5,172590.0,164220.0,17.1,36.2,5.3,22.1,37.3
Asturias,2011,20706,15045.0,1031088.0,5.3,1.8,2.6,17080.0,156930.0,17.4,38.0,4.9,17.8,27.1
Balears,2011,24324,15385.0,870302.0,20.1,4.5,17.4,165680.0,148970.0,23.5,59.3,9.2,36.7,68.0
Canarias,2011,19099,12679.0,1819760.0,9.9,11.0,12.0,131270.0,112840.0,34.0,69.0,6.8,61.2,47.7
Cantabria,2011,21435,14523.0,554127.0,9.0,1.1,9.0,154470.0,133810.0,19.3,52.0,7.2,34.8,30.8
Castilla Y León,2011,21378,14380.0,2385647.0,4.7,2.2,7.7,159180.0,144770.0,21.3,49.3,4.9,25.1,33.0
Castilla - La Mancha,2011,18569,12298.0,1882599.0,9.5,4.8,9.0,13720.0,112370.0,33.5,45.8,5.7,33.4,35.4
Cataluña,2011,26644,16837.0,6353766.0,12.0,11.1,6.5,18170.0,157920.0,16.5,56.3,5.6,34.4,60.6
Comunitat Valenciana,2011,20069,13332.0,4236408.0,9.2,4.6,8.7,153440.0,13280.0,26.0,59.7,6.0,40.6,56.9
Extremadura,2011,16560,11341.0,1067648.0,4.6,2.8,5.2,131510.0,108520.0,36.6,56.9,5.5,44.5,26.7
Galicia,2011,20139,13485.0,2684954.0,5.8,3.6,5.6,15450.0,137910.0,19.2,62.0,5.0,30.0,29.5
Madrid,2011,31147,18411.0,5422095.0,12.6,7.3,6.6,199840.0,171140.0,15.4,60.5,6.1,36.7,61.3
Murcia,2011,18957,12250.0,1229206.0,8.9,9.1,11.1,130220.0,112830.0,31.3,70.6,4.7,49.0,39.6
Navarra,2011,28279,18195.0,570451.0,2.5,3.4,7.6,214040.0,185410.0,9.5,37.7,4.7,23.0,32.5
País Vasco,2011,29261,18988.0,2039350.0,9.4,3.0,5.2,208340.0,186650.0,15.6,40.800000000000004,6.3,19.7,41.0
Rioja,2011,24748,15180.0,276667.0,12.4,5.1,10.7,155170.0,145050.0,22.7,49.8,6.2,27.1,31.1
Ceuta,2011,17986,12824.0,77448.0,5.8,33.9,23.3,162080.0,129110.0,27.4,68.5,8.1,48.0,75.9
Melilla,2011,17144,11997.0,68443.0,11.8,27.1,18.8,182780.0,14320.0,27.2,81.4,10.7,52.0,61.6
Andalucía,2012,16597,11155.0,7702875.0,8.7,6.6,15.5,133910.0,111170.0,35.6,71.6,6.2,51.4,47.1
Aragón,2012,24008,15111.0,1176356.0,7.7,1.4,4.1,174190.0,160650.0,17.7,54.5,5.3,26.4,34.6
Asturias,2012,19867,14318.0,1026533.0,5.7,1.7,5.1,169220.0,15550.0,19.1,45.900000000000006,5.2,26.5,28.2
Balears,2012,23810,14640.0,876869.0,20.9,6.5,17.7,163170.0,143950.0,24.1,44.4,6.9,35.9,67.7
Canarias,2012,18317,11983.0,1807503.0,12.8,13.7,10.2,124770.0,107520.0,38.8,78.0,7.1,62.7,46.9
Cantabria,2012,20691,13673.0,554548.0,12.0,3.8,3.2,152110.0,129610.0,23.4,51.8,5.3,23.1,31.0
Castilla Y León,2012,20823,13878.0,2372569.0,6.9,0.6,6.6,159090.0,143540.0,20.9,48.6,5.0,28.4,33.4
Castilla - La Mancha,2012,17941,11692.0,1885839.0,13.1,6.2,8.5,133070.0,113720.0,37.2,63.400000000000006,6.8,48.4,35.5
Cataluña,2012,25937,15978.0,6384129.0,13.3,8.2,13.0,181360.0,15870.0,19.8,64.0,6.2,42.0,60.4
Comunitat Valenciana,2012,19171,12519.0,4246254.0,11.5,3.9,15.0,148640.0,13010.0,29.7,66.5,6.7,47.4,55.6
Extremadura,2012,15953,10832.0,1065589.0,7.0,3.2,7.3,122810.0,10490.0,38.9,61.2,6.3,47.1,26.7
Galicia,2012,19541,12897.0,2669315.0,6.7,0.7,7.6,153330.0,135150.0,23.6,63.0,5.4,35.2,30.1
Madrid,2012,30566,17348.0,5483506.0,13.4,7.4,7.6,199020.0,171320.0,17.3,64.1,6.5,39.7,61.3
Murcia,2012,18444,11628.0,1236056.0,11.7,5.9,14.1,128910.0,116430.0,30.5,78.3,5.1,57.1,39.3
Navarra,2012,27184,17032.0,574943.0,3.2,1.8,5.5,209180.0,186410.0,13.5,43.4,4.8,23.9,33.8
País Vasco,2012,28589,18094.0,2041199.0,7.9,0.8,3.9,204740.0,186830.0,15.9,39.4,6.5,18.2,42.5
Rioja,2012,23961,14374.0,277236.0,11.9,2.4,10.8,161020.0,145720.0,21.0,59.5,5.9,30.0,31.7
Ceuta,2012,17094,11751.0,78206.0,9.2,32.8,24.9,155110.0,127790.0,32.6,81.0,10.8,66.4,83.8
Melilla,2012,16035,10898.0,69538.0,4.2,8.0,4.3,190110.0,148470.0,12.0,60.300000000000004,5.4,55.5,56.1
Andalucía,2013,16381,11100.0,7710575.0,9.2,6.4,13.4,127050.0,108660.0,40.1,75.4,6.6,55.5,44.6
Aragón,2013,24232,15127.0,1173497.0,9.8,3.9,11.6,176180.0,161210.0,20.0,60.099999999999994,5.6,30.7,32.0
Asturias,2013,19475,14316.0,1019771.0,7.6,1.0,7.5,159940.0,151340.0,21.7,47.8,5.1,27.0,28.3
Balears,2013,23719,14496.0,887268.0,19.5,7.3,19.4,154270.0,135230.0,26.4,68.0,7.1,42.9,66.8
Canarias,2013,18160,11960.0,1817445.0,11.2,11.5,20.0,126880.0,117230.0,35.8,74.5,7.0,65.6,44.5
Cantabria,2013,20299,13781.0,553358.0,11.5,4.1,7.8,144260.0,127330.0,26.3,71.5,5.2,33.2,29.3
Castilla Y León,2013,20474,13764.0,2355095.0,7.0,1.0,3.2,157430.0,141620.0,24.2,57.0,5.2,25.3,31.9
Castilla - La Mancha,2013,17720,11798.0,1880079.0,10.7,4.5,15.5,126730.0,110230.0,41.5,65.2,6.5,38.7,35.3
Cataluña,2013,25928,15997.0,6395178.0,11.0,5.8,10.6,178830.0,157040.0,19.4,65.1,5.7,40.0,57.9
Comunitat Valenciana,2013,19137,12501.0,4249924.0,11.0,4.0,15.5,138810.0,12130.0,33.1,71.3,6.5,42.8,52.4
Extremadura,2013,16028,10956.0,1062327.0,5.4,1.5,9.2,121390.0,102130.0,43.4,73.9,5.7,46.9,26.7
Galicia,2013,19636,12918.0,2655978.0,7.0,1.3,5.9,150370.0,131050.0,24.5,72.30000000000001,4.8,36.6,29.5
Madrid,2013,30264,17450.0,5535430.0,14.5,7.4,11.1,191240.0,168560.0,19.8,63.0,6.1,39.2,59.3
Murcia,2013,18502,11671.0,1241027.0,10.0,6.3,24.5,124870.0,111480.0,36.5,78.7,6.5,52.5,37.4
Navarra,2013,27213,17086.0,576585.0,4.2,2.8,3.3,201910.0,180570.0,12.6,47.3,4.5,24.0,37.5
País Vasco,2013,28277,18200.0,2042805.0,6.4,1.4,5.5,209550.0,192520.0,13.2,50.3,5.2,24.3,41.7
Rioja,2013,23898,14452.0,277623.0,14.5,0.5,11.0,153210.0,143440.0,24.0,59.4,6.8,32.8,30.1
Ceuta,2013,17229,11963.0,78512.0,6.6,33.0,28.7,146860.0,107210.0,43.5,82.4,10.9,69.6,69.3
Melilla,2013,15981,10895.0,71068.0,8.2,16.4,17.8,178980.0,132880.0,33.3,60.2,10.1,45.9,56.0
Andalucía,2014,16600,11137.0,7740785.0,11.4,7.1,15.8,121180.0,101520.0,45.6,78.2,7.1,58.5,42.0
Aragón,2014,24557,15032.0,1176154.0,9.1,1.8,11.1,176620.0,159040.0,23.2,53.9,6.0,28.9,30.5
Asturias,2014,19588,14350.0,1016632.0,7.2,0.9,8.4,160110.0,147240.0,26.9,52.0,6.3,24.9,27.0
Balears,2014,24454,14655.0,900330.0,21.8,10.4,21.3,157290.0,141150.0,26.5,60.9,8.9,37.9,62.0
Canarias,2014,18268,11915.0,1837677.0,10.6,12.1,16.8,125050.0,111570.0,38.4,81.0,7.7,66.9,43.0
Cantabria,2014,20747,13866.0,553894.0,8.2,0.8,8.2,141370.0,129720.0,29.6,65.80000000000001,4.8,31.7,29.3
Castilla Y León,2014,20694,13771.0,2347972.0,9.4,2.7,4.7,15080.0,137910.0,29.6,55.2,6.2,29.2,31.0
Castilla - La Mancha,2014,17480,11721.0,1882578.0,9.6,2.3,13.5,128240.0,110350.0,39.4,62.2,6.2,33.2,34.0
Cataluña,2014,26551,16219.0,6429689.0,12.9,7.5,10.5,181040.0,162790.0,20.5,67.2,6.5,41.1,57.0
Comunitat Valenciana,2014,19641,12631.0,4265214.0,9.4,2.8,19.5,134460.0,117170.0,36.0,77.5,5.8,47.9,50.0
Extremadura,2014,16053,10964.0,1061916.0,7.5,3.6,7.8,113450.0,99050.0,46.8,72.8,5.7,41.9,25.8
Galicia,2014,19876,13111.0,2650450.0,4.5,1.4,7.4,152730.0,13330.0,26.7,65.9,5.0,36.5,28.6
Madrid,2014,30776,17683.0,5574487.0,14.5,6.5,10.3,187890.0,164980.0,21.1,63.7,6.5,37.7,57.4
Murcia,2014,18606,11583.0,1250949.0,12.5,3.4,19.5,117150.0,100960.0,46.4,77.5,6.1,53.5,36.0
Navarra,2014,27704,17070.0,581240.0,6.4,2.7,6.3,19550.0,181210.0,16.2,36.9,4.9,19.3,41.7
País Vasco,2014,28843,18147.0,2047669.0,7.4,1.0,5.7,209570.0,194690.0,13.5,51.0,5.2,20.1,40.6
Rioja,2014,24586,14571.0,278984.0,9.0,1.4,11.4,16090.0,146980.0,25.1,53.5,6.4,30.5,28.4
Ceuta,2014,17123,11898.0,79427.0,5.2,29.0,29.2,137580.0,94920.0,50.4,79.0,9.2,69.2,62.8
Melilla,2014,15999,10914.0,71807.0,9.9,12.8,16.4,180730.0,134220.0,24.9,57.4,10.1,46.3,54.7
Andalucía,2015,17458,11688.0,7762838.0,8.8,5.6,13.8,118620.0,100910.0,45.4,76.89999999999999,7.0,55.1,40.2
Aragón,2015,25185,15511.0,1177664.0,6.4,1.2,8.1,183950.0,162670.0,20.3,47.3,5.4,27.9,29.1
Asturias,2015,20497,14955.0,1009889.0,8.7,1.2,6.5,162270.0,14880.0,22.9,55.7,5.2,29.0,25.9
Balears,2015,25732,15418.0,911961.0,20.5,6.4,21.7,158940.0,149540.0,28.6,57.199999999999996,9.1,40.2,59.9
Canarias,2015,18881,12458.0,1847199.0,13.0,14.9,18.9,129320.0,118390.0,37.8,83.6,10.1,67.0,42.7
Cantabria,2015,21329,14449.0,553471.0,7.1,3.1,6.3,151590.0,138260.0,22.0,57.4,4.3,29.1,28.7
Castilla Y León,2015,21600,14355.0,2336916.0,8.6,1.8,5.3,152840.0,136350.0,25.8,52.699999999999996,5.6,26.5,30.3
Castilla - La Mancha,2015,18499,12277.0,1881103.0,8.1,3.9,13.1,127250.0,111610.0,39.2,67.1,6.7,39.3,32.6
Cataluña,2015,27806,16904.0,6480037.0,11.6,7.8,11.9,182360.0,161120.0,18.5,62.3,6.1,38.0,56.0
Comunitat Valenciana,2015,20500,13183.0,4280478.0,11.5,4.6,15.1,133050.0,117690.0,36.5,73.3,6.4,41.6,47.5
Extremadura,2015,16993,11433.0,1058660.0,5.8,4.2,6.3,124210.0,103590.0,44.8,67.6,5.8,40.0,25.0
Galicia,2015,20934,13591.0,2641706.0,6.4,2.1,7.8,151330.0,134590.0,27.0,56.7,5.5,27.4,28.1
Madrid,2015,32275,18441.0,5625868.0,13.5,7.4,9.2,185930.0,16030.0,20.6,58.4,6.9,33.7,57.1
Murcia,2015,19901,12100.0,1258933.0,12.8,4.7,17.1,119930.0,103320.0,44.7,78.1,6.6,48.9,36.4
Navarra,2015,28761,17663.0,584583.0,5.7,1.1,5.9,197150.0,18710.0,12.0,47.199999999999996,4.8,23.0,37.5
País Vasco,2015,29962,18596.0,2051441.0,7.5,0.4,6.1,202640.0,186140.0,13.8,43.3,5.4,19.1,39.4
Rioja,2015,25594,15122.0,280237.0,8.2,1.0,16.2,162950.0,145070.0,23.3,49.0,5.5,25.4,27.2
Ceuta,2015,17757,12453.0,79114.0,7.7,25.1,37.2,133620.0,111680.0,37.6,69.5,7.1,63.2,58.8
Melilla,2015,16506,11374.0,72640.0,9.2,16.1,13.5,159370.0,129290.0,29.8,69.3,7.4,43.3,57.4
Andalucía,2016,17865,11831.0,7768101.0,9.4,6.9,13.2,12560.0,104590.0,43.6,78.1,7.2,52.8,39.5
Aragón,2016,26243,15998.0,1175750.0,5.0,1.5,8.2,171160.0,157510.0,22.5,43.3,5.1,26.8,29.0
Asturias,2016,20913,15091.0,1002290.0,6.5,1.4,5.3,172410.0,162770.0,19.8,43.4,5.1,22.7,25.2
Balears,2016,26922,16074.0,918324.0,11.5,10.5,12.6,178940.0,150070.0,20.8,53.3,6.1,32.7,60.7
Canarias,2016,19450,12830.0,1852510.0,11.1,14.7,16.7,129930.0,11010.0,43.1,76.3,8.8,61.3,42.1
Cantabria,2016,22072,14982.0,551755.0,10.1,7.1,5.9,154840.0,128680.0,23.4,47.7,4.8,34.8,29.2
Castilla Y León,2016,22369,14731.0,2318886.0,5.8,2.5,5.8,156450.0,139870.0,26.7,47.3,5.1,24.1,29.5
Castilla - La Mancha,2016,19149,12693.0,1873519.0,11.7,4.8,16.6,131060.0,114560.0,39.8,62.599999999999994,6.4,35.0,31.1
Cataluña,2016,28781,17249.0,6499198.0,11.1,5.3,9.9,188280.0,167570.0,16.7,63.3,5.6,37.2,54.2
Comunitat Valenciana,2016,21110,13460.0,4287589.0,11.1,5.6,12.8,135890.0,118610.0,34.8,69.3,6.0,43.8,46.6
Extremadura,2016,17616,11857.0,1054071.0,3.6,2.6,6.1,127750.0,106730.0,42.2,65.4,5.4,43.4,24.3
Galicia,2016,21594,13984.0,2630559.0,6.6,0.9,6.4,154280.0,13250.0,26.1,56.0,5.5,28.9,27.4
Madrid,2016,33350,19064.0,5674369.0,15.6,6.2,8.7,187090.0,164640.0,22.4,58.5,7.2,33.6,58.1
Murcia,2016,20402,12365.0,1263592.0,9.7,4.1,14.9,126350.0,11270.0,40.1,71.8,5.9,48.0,34.9
Navarra,2016,29556,17962.0,585821.0,7.6,1.9,5.5,196970.0,183480.0,12.1,46.1,4.6,24.1,40.2
País Vasco,2016,30833,19039.0,2050109.0,7.1,1.6,6.5,210580.0,192750.0,12.9,38.7,5.0,17.8,38.0
Rioja,2016,25713,15471.0,280192.0,6.6,0.6,12.5,169330.0,153460.0,16.6,39.1,4.6,22.1,25.5
Ceuta,2016,18155,12738.0,79086.0,9.5,24.3,21.5,148580.0,123580.0,39.4,64.7,6.3,63.7,54.7
Melilla,2016,16979,11642.0,72706.0,10.0,18.9,12.5,173490.0,169990.0,24.6,59.8,8.2,47.1,56.5
Andalucía,2017,18691,12177.0,7773545.0,8.2,6.6,11.2,137090.0,114530.0,38.1,68.69999999999999,6.9,48.3,39.9
Aragón,2017,27357,16492.0,1175513.0,4.1,1.9,3.7,177560.0,158390.0,16.1,31.7,4.6,18.5,28.8
Asturias,2017,21897,15673.0,996076.0,7.4,1.7,5.8,175470.0,156980.0,16.6,45.9,5.5,34.5,24.9
Balears,2017,28001,16344.0,929066.0,16.8,11.7,15.4,183120.0,1400.0,26.1,51.8,8.2,36.8,63.6
Canarias,2017,20296,13322.0,1861363.0,12.1,6.8,21.1,131610.0,116150.0,34.3,61.5,7.0,51.0,43.1
Cantabria,2017,22922,15602.0,550838.0,6.8,2.7,2.3,161990.0,139990.0,21.1,52.800000000000004,4.9,12.5,30.0
Castilla Y León,2017,23076,15126.0,2303523.0,5.6,1.9,2.4,1630.0,150080.0,22.3,39.0,4.7,23.9,29.7
Castilla - La Mancha,2017,20043,13114.0,1870311.0,10.1,4.0,4.9,136040.0,115960.0,34.3,55.9,6.3,38.6,31.5
Cataluña,2017,29770,17529.0,6514468.0,10.7,6.8,8.3,189570.0,168280.0,18.6,49.6,5.7,31.9,56.3
Comunitat Valenciana,2017,21996,13857.0,4299129.0,11.2,4.7,14.6,143650.0,130940.0,31.9,63.400000000000006,6.6,49.4,46.0
Extremadura,2017,18761,12399.0,1048303.0,5.8,2.8,11.3,120060.0,96440.0,46.8,61.900000000000006,5.9,50.8,24.6
Galicia,2017,22433,14438.0,2621150.0,6.3,2.5,4.5,15880.0,147560.0,22.5,42.9,5.8,21.6,27.4
Madrid,2017,34592,19532.0,5711913.0,15.1,6.5,6.9,193140.0,172940.0,20.3,47.1,7.7,34.0,58.8
Murcia,2017,21128,12653.0,1272008.0,8.2,3.5,16.9,133240.0,119990.0,35.5,69.7,5.6,42.0,35.7
Navarra,2017,30631,18344.0,588581.0,4.6,0.0,2.2,200220.0,19040.0,10.6,24.9,4.4,18.6,38.6
País Vasco,2017,31891,19715.0,2051122.0,8.3,0.7,5.9,211980.0,192290.0,12.0,33.2,5.1,17.1,38.4
Rioja,2017,26585,15914.0,280335.0,4.0,0.1,4.4,178010.0,157920.0,15.9,29.799999999999997,4.5,23.5,25.1
Ceuta,2017,18262,12680.0,79316.0,7.3,17.9,17.7,150750.0,122810.0,35.6,60.5,11.5,42.4,52.9
Melilla,2017,17051,11722.0,72765.0,8.8,21.4,9.9,164530.0,148430.0,28.3,54.4,7.1,30.6,55.2
Andalucía,2018,19291,12733.0,7763012.0,7.3,6.4,15.7,139770.0,116250.0,38.3,68.2,6.5,50.0,39.9
Aragón,2018,28281,16896.0,1172036.0,5.2,4.7,3.9,176720.0,158670.0,18.2,44.5,4.3,28.9,30.7
Asturias,2018,22651,16168.0,988160.0,6.8,2.8,4.5,173430.0,159250.0,17.4,42.3,4.8,31.6,25.8
Balears,2018,28906,16857.0,936047.0,9.7,7.9,10.2,195540.0,170390.0,17.7,62.4,5.5,33.6,64.2
Canarias,2018,20853,13519.0,1867494.0,12.5,6.2,11.9,135460.0,120470.0,35.7,64.0,7.0,54.7,42.4
Cantabria,2018,23818,16125.0,549571.0,9.6,1.9,7.1,1640.0,146030.0,21.9,64.9,5.3,31.7,30.4
Castilla Y León,2018,24216,15761.0,2285589.0,4.4,0.8,3.2,172640.0,152830.0,20.1,43.1,4.8,23.6,31.1
Castilla - La Mancha,2018,20811,13517.0,1862987.0,10.2,0.9,9.1,143050.0,126460.0,34.1,50.900000000000006,6.6,39.9,33.6
Cataluña,2018,30525,17729.0,6517966.0,9.9,5.2,8.7,197910.0,183020.0,16.7,52.7,5.2,28.3,62.3
Comunitat Valenciana,2018,22723,14219.0,4298782.0,9.3,4.2,7.6,150380.0,137480.0,30.9,58.2,5.6,39.9,46.7
Extremadura,2018,19368,12647.0,1041216.0,5.2,1.6,9.9,123760.0,102650.0,45.7,66.6,4.8,44.4,25.1
Galicia,2018,23212,14876.0,2609185.0,4.6,1.5,3.9,167580.0,150530.0,22.6,45.5,5.4,20.3,29.1
Madrid,2018,35601,19703.0,5751623.0,13.5,6.0,8.7,196480.0,168920.0,18.5,51.9,6.3,31.8,59.4
Murcia,2018,21393,13183.0,1276077.0,8.7,7.9,14.9,140410.0,12630.0,33.0,70.7,5.9,48.5,37.4
Navarra,2018,31190,18419.0,588772.0,4.3,2.0,10.3,200940.0,192610.0,10.2,39.5,4.1,21.6,42.0
País Vasco,2018,32835,20184.0,2047569.0,7.4,3.1,5.4,21760.0,195860.0,10.2,35.2,5.1,20.7,41.2
Rioja,2018,27470,16401.0,280018.0,9.4,0.0,7.9,17490.0,15410.0,19.1,37.8,5.7,30.3,26.3
Ceuta,2018,18923,13245.0,79302.0,7.8,20.8,27.0,149910.0,103390.0,46.3,64.0,10.3,64.6,55.4
Melilla,2018,17531,12141.0,72883.0,9.2,17.9,9.3,1950.0,16840.0,22.4,51.900000000000006,9.1,40.3,63.7
Andalucía,2019,19744,13199.0,7758685.0,8.0,8.5,11.3,137550.0,116630.0,37.3,61.0,6.1,44.3,40.2
Aragón,2019,29043,17585.0,1169992.0,4.9,6.1,3.8,180670.0,172410.0,19.4,37.3,4.7,27.6,32.2
Asturias,2019,23220,16773.0,981174.0,11.4,3.8,4.8,178680.0,159820.0,24.4,36.8,7.8,28.1,26.7
Balears,2019,29458,17529.0,944473.0,11.7,13.8,14.0,18420.0,167980.0,16.7,52.7,4.8,28.7,66.6
Canarias,2019,21159,13987.0,1876355.0,11.6,12.8,9.9,142470.0,128190.0,33.4,53.7,5.3,50.2,44.2
Cantabria,2019,24515,16509.0,548295.0,4.9,1.4,3.1,177420.0,159320.0,20.5,57.7,5.2,40.2,31.0
Castilla Y León,2019,24849,16378.0,2269754.0,3.9,1.0,3.1,172330.0,153490.0,17.0,35.599999999999994,4.5,23.9,31.8
Castilla - La Mancha,2019,21264,14035.0,1860767.0,7.4,1.9,6.2,145050.0,133840.0,31.9,47.400000000000006,5.5,39.3,34.5
Cataluña,2019,31300,18458.0,6515790.0,10.3,7.3,8.1,200490.0,17790.0,16.1,50.8,5.6,26.1,63.8
Comunitat Valenciana,2019,23248,14828.0,4300356.0,7.0,4.0,9.4,155820.0,139940.0,28.5,50.599999999999994,5.6,35.3,46.4
Extremadura,2019,19863,13151.0,1035087.0,6.4,1.6,10.1,128160.0,108820.0,39.6,57.8,4.8,44.7,25.9
Galicia,2019,23901,15488.0,2598631.0,5.1,2.0,5.6,166210.0,149670.0,24.3,39.3,5.2,24.4,29.7
Madrid,2019,36613,20638.0,5781575.0,13.0,6.1,7.2,21030.0,176810.0,18.4,43.2,6.5,31.2,61.2
Murcia,2019,22015,13849.0,1282659.0,5.7,4.3,11.6,136370.0,122810.0,35.1,68.1,4.7,47.2,38.1
Navarra,2019,32136,18968.0,589995.0,4.9,2.7,6.9,206970.0,198370.0,8.0,32.2,3.9,25.3,44.5
País Vasco,2019,33590,20960.0,2043968.0,6.3,2.4,8.5,22480.0,21020.0,11.9,38.8,5.3,23.6,42.9
Rioja,2019,28040,16765.0,279568.0,5.8,2.1,4.9,186610.0,165770.0,17.5,25.400000000000002,5.0,19.0,27.6
Ceuta,2019,19577,13958.0,78985.0,12.4,21.2,14.5,160590.0,120580.0,44.0,51.800000000000004,11.5,50.6,56.0
Melilla,2019,18073,12703.0,73221.0,12.8,20.7,11.1,180030.0,170630.0,37.0,44.7,13.9,43.7,64.7
Andalucía,2020,17772,13104.0,7762393.0,6.0,8.1,19.0,149580.0,130970.0,29.3,53.099999999999994,5.3,43.9,34.0
Aragón,2020,27003,17380.0,1167343.0,5.9,4.8,5.4,19150.0,180420.0,16.3,28.2,4.7,26.0,27.1
Asturias,2020,21069,16705.0,973463.0,9.7,3.3,11.7,180280.0,15930.0,22.5,34.0,7.3,27.6,24.0
Balears,2020,22611,15616.0,951508.0,10.4,9.7,13.1,187870.0,183630.0,14.6,49.0,4.6,36.6,50.7
Canarias,2020,17239,13030.0,1883410.0,13.3,14.3,23.0,14990.0,135880.0,30.9,66.69999999999999,6.9,63.1,38.4
Cantabria,2020,22279,16086.0,547009.0,5.7,1.4,6.8,185780.0,160830.0,18.1,40.6,5.3,31.5,28.4
Castilla Y León,2020,22934,16292.0,2253761.0,4.3,1.6,6.9,182840.0,16640.0,15.6,34.0,4.5,24.7,27.2
Castilla - La Mancha,2020,19675,14059.0,1858267.0,6.9,1.6,8.4,158020.0,144460.0,26.9,39.2,4.8,33.1,30.3
Cataluña,2020,27796,17749.0,6519860.0,10.1,11.9,14.3,208720.0,189430.0,17.2,45.0,6.2,33.4,45.7
Comunitat Valenciana,2020,20980,14535.0,4305222.0,10.6,2.9,14.4,165180.0,15180.0,25.7,47.8,6.6,36.8,38.2
Extremadura,2020,18351,13246.0,1029320.0,3.7,4.1,13.7,132970.0,120060.0,33.9,55.3,4.5,46.8,23.6
Galicia,2020,21864,15290.0,2589181.0,5.3,1.8,8.5,167570.0,154110.0,22.5,36.9,5.3,28.1,27.2
Madrid,2020,32853,19755.0,5824174.0,10.1,11.9,11.5,214290.0,181540.0,16.2,42.2,5.8,30.1,46.1
Murcia,2020,20108,13512.0,1289034.0,4.9,10.3,15.5,149210.0,130460.0,26.5,56.8,4.7,43.1,33.7
Navarra,2020,28987,18009.0,590531.0,7.1,6.6,11.4,223910.0,211740.0,10.2,32.4,4.5,20.1,35.7
País Vasco,2020,30115,20279.0,2040252.0,7.2,5.1,8.2,231740.0,217010.0,10.2,31.7,4.8,19.0,34.9
Rioja,2020,25654,16489.0,279704.0,4.6,2.6,8.2,196980.0,175890.0,16.9,27.7,4.7,24.5,24.5
Ceuta,2020,18184,13880.0,78497.0,12.0,17.8,28.2,150580.0,124550.0,36.3,42.599999999999994,10.7,55.9,43.2
Melilla,2020,16776,12706.0,73713.0,13.2,28.7,19.8,182140.0,149220.0,38.2,50.5,15.0,52.3,51.6
Andalucía,2021,19591,13801.0,7760491.0,10.1,6.9,17.0,147690.0,127360.0,33.6,54.8,6.8,42.4,37.1
Aragón,2021,29144,17925.0,1163912.0,6.7,6.1,12.4,193810.0,181210.0,16.2,34.8,4.9,26.9,31.4
Asturias,2021,23446,17413.0,966347.0,10.5,2.9,10.0,179680.0,168010.0,21.4,32.6,6.0,25.9,26.1
Balears,2021,25807,16810.0,952711.0,17.8,6.5,20.3,168670.0,157650.0,19.4,42.7,5.1,30.9,51.6
Canarias,2021,19021,13986.0,1885118.0,15.0,17.6,26.2,152940.0,137630.0,30.2,59.2,8.2,49.8,37.3
Cantabria,2021,24303,16835.0,548340.0,5.9,3.4,9.0,186590.0,163640.0,16.6,33.400000000000006,4.8,25.8,34.0
Castilla Y León,2021,25020,16838.0,2239029.0,6.7,2.3,10.0,181810.0,166880.0,19.6,35.2,5.1,24.1,31.1
Castilla - La Mancha,2021,21515,14646.0,1859995.0,7.8,2.1,14.2,15350.0,140540.0,29.0,44.6,5.7,35.6,32.9
Cataluña,2021,30360,18688.0,6512697.0,10.4,8.3,14.2,209270.0,188280.0,15.4,42.5,5.5,32.9,50.5
Comunitat Valenciana,2021,22944,15142.0,4306522.0,9.6,4.0,13.5,164740.0,152730.0,26.9,47.8,6.2,32.3,44.4
Extremadura,2021,20363,13931.0,1024615.0,5.6,2.3,11.8,139080.0,120960.0,33.4,49.2,5.1,39.3,25.8
Galicia,2021,23927,15922.0,2581111.0,5.4,2.4,9.0,167850.0,154090.0,21.8,41.400000000000006,5.1,24.7,32.8
Madrid,2021,35703,20654.0,5796129.0,13.4,9.0,13.2,21990.0,192060.0,16.0,40.7,6.3,30.6,51.5
Murcia,2021,22087,14302.0,1296162.0,5.9,4.1,21.3,149880.0,139940.0,28.7,56.7,5.3,43.0,38.1
Navarra,2021,31486,18933.0,590096.0,6.1,5.1,10.3,227860.0,209550.0,10.1,34.8,5.1,20.9,40.4
País Vasco,2021,32898,21127.0,2030979.0,6.6,3.7,8.8,226580.0,211140.0,12.6,31.799999999999997,5.0,18.4,38.5
Rioja,2021,27365,16951.0,278905.0,8.2,3.7,8.0,187580.0,17420.0,16.8,32.3,5.1,22.5,28.6
Ceuta,2021,19661,14848.0,78150.0,14.1,7.0,29.4,161590.0,123320.0,35.7,53.9,9.5,54.9,47.1
Melilla,2021,17891,13835.0,73650.0,15.4,15.8,26.2,182590.0,156040.0,32.2,55.6,14.1,48.5,48.0
Andalucía,2022,21532,14332.0,7758809.0,9.4,7.6,16.3,158620.0,137750.0,29.1,54.5,6.0,44.7,44.4
Aragón,2022,32707,19066.0,1161553.0,6.9,3.1,8.8,203470.0,193250.0,15.0,38.9,4.4,27.2,35.9
Asturias,2022,26552,18614.0,959056.0,10.4,3.8,7.6,193680.0,176320.0,20.1,39.4,5.7,24.0,31.9
Balears,2022,31029,18339.0,954642.0,11.8,9.3,20.5,185760.0,168780.0,17.0,49.2,4.9,36.4,63.4
Canarias,2022,22218,14702.0,1889212.0,14.8,16.2,20.0,159010.0,140820.0,29.5,60.7,6.3,57.2,43.4
Cantabria,2022,26512,17762.0,548199.0,6.8,2.6,5.3,199740.0,173070.0,14.8,42.099999999999994,4.9,23.9,40.4
Castilla Y León,2022,27509,17596.0,2225985.0,6.9,2.1,10.4,191170.0,173370.0,17.8,39.900000000000006,4.9,27.1,36.5
Castilla - La Mancha,2022,24152,15484.0,1859853.0,5.9,4.1,14.5,164040.0,14860.0,26.3,49.8,4.9,36.6,39.1
Cataluña,2022,33043,19147.0,6520801.0,10.7,9.0,14.8,216370.0,197340.0,14.5,48.6,5.2,34.8,60.7
Comunitat Valenciana,2022,24732,15436.0,4313498.0,7.4,3.8,12.2,174440.0,155250.0,22.3,48.2,5.2,34.6,51.0
Extremadura,2022,22244,14416.0,1019638.0,4.4,1.8,12.4,148430.0,127540.0,30.2,55.7,4.6,42.3,30.4
Galicia,2022,26571,16877.0,2571724.0,4.8,3.2,9.4,180930.0,166750.0,18.1,44.0,4.5,29.3,35.2
Madrid,2022,39278,21261.0,5800367.0,12.2,8.5,11.9,233380.0,202840.0,14.8,43.3,5.7,31.3,58.9
Murcia,2022,24281,15138.0,1305113.0,8.0,4.5,12.3,161280.0,1500.0,26.3,58.3,5.2,44.7,44.6
Navarra,2022,34726,20127.0,590642.0,8.0,6.7,10.8,235780.0,212120.0,10.9,39.5,5.4,21.5,50.0
País Vasco,2022,36300,22773.0,2023557.0,7.3,3.0,7.2,238860.0,216380.0,12.2,31.6,5.0,18.7,46.0
Rioja,2022,30431,18089.0,278137.0,6.9,5.0,7.8,198190.0,184140.0,16.6,36.0,4.8,19.6,36.6
Ceuta,2022,21299,15590.0,78207.0,9.5,16.9,24.1,188640.0,14750.0,34.8,60.3,11.0,47.0,43.9
Melilla,2022,19455,14720.0,73495.0,13.2,18.6,23.1,198490.0,162530.0,34.5,47.5,12.4,45.3,50.8
